NODE_274640_length_571_cov_2.60465 	2
NODE_270012_length_579_cov_3.32634 	2
NODE_252128_length_611_cov_1.64209 	2
NODE_240755_length_634_cov_3.18653 	2
NODE_239557_length_637_cov_14.6632 	3
NODE_234190_length_648_cov_2.4199 	3
NODE_229909_length_658_cov_1.91874 	2
NODE_217934_length_687_cov_3.25316 	2
NODE_214259_length_697_cov_6.17913 	3
NODE_208336_length_713_cov_2.09726 	1
NODE_205605_length_721_cov_2.73574 	1
NODE_205346_length_722_cov_11.7361 	3
NODE_199427_length_739_cov_1.53216 	3
NODE_198960_length_741_cov_2.33382 	2
NODE_197546_length_745_cov_2.05797 	2
NODE_194253_length_755_cov_1.89571 	2
NODE_189472_length_771_cov_8.22626 	3
NODE_186042_length_783_cov_28.5824 	3
NODE_185456_length_785_cov_19.6685 	3
NODE_184240_length_789_cov_3.22752 	1
NODE_183962_length_790_cov_2.48571 	3
NODE_184016_length_790_cov_2.67075 	2
NODE_181897_length_798_cov_10.8964 	3
NODE_181349_length_800_cov_1.6443 	2
NODE_176502_length_818_cov_27.4692 	3
NODE_175924_length_820_cov_6.42092 	1
NODE_175046_length_823_cov_4.21745 	2
NODE_171850_length_836_cov_25.1204 	3
NODE_171010_length_839_cov_3.16837 	3
NODE_170548_length_841_cov_21.2481 	3
NODE_170105_length_843_cov_19.467 	3
NODE_169589_length_845_cov_19.9709 	3
NODE_168832_length_848_cov_4.05927 	3
NODE_168590_length_849_cov_13.4144 	3
NODE_168546_length_849_cov_2.31108 	1
NODE_166607_length_857_cov_2.23192 	2
NODE_165470_length_862_cov_10.3036 	3
NODE_164162_length_867_cov_1.70074 	2
NODE_163084_length_872_cov_1.67075 	1
NODE_162206_length_876_cov_1.83557 	2
NODE_161627_length_879_cov_15.085 	3
NODE_160925_length_882_cov_7.79807 	1
NODE_160422_length_884_cov_2.14355 	2
NODE_160408_length_884_cov_2.52955 	4
NODE_158934_length_891_cov_3.14474 	1
NODE_157825_length_896_cov_2.28894 	1
NODE_157590_length_897_cov_3.96912 	1
NODE_156565_length_902_cov_2.99174 	2
NODE_156302_length_903_cov_1.99057 	2
NODE_155657_length_906_cov_2.09988 	2
NODE_155242_length_908_cov_3.5932 	4
NODE_154730_length_910_cov_2.61754 	2
NODE_154090_length_913_cov_1.91958 	1
NODE_153521_length_916_cov_15.3322 	3
NODE_152936_length_919_cov_13.588 	3
NODE_152680_length_920_cov_2.7237 	2
NODE_152328_length_922_cov_3.83622 	2
NODE_151717_length_925_cov_22.0954 	3
NODE_151671_length_925_cov_16.6172 	3
NODE_150915_length_928_cov_2.10195 	4
NODE_149995_length_933_cov_4.96697 	1
NODE_149007_length_938_cov_5.97622 	2
NODE_148995_length_938_cov_2.01246 	1
NODE_148845_length_939_cov_18.0373 	3
NODE_148386_length_941_cov_2.14334 	2
NODE_147902_length_944_cov_14.7705 	2
NODE_147095_length_948_cov_4.19933 	1
NODE_146894_length_949_cov_2.96197 	2
NODE_146301_length_952_cov_2.21182 	1
NODE_146051_length_954_cov_10.1057 	3
NODE_145978_length_954_cov_2.90323 	1
NODE_145124_length_959_cov_21.4226 	3
NODE_144394_length_962_cov_3.61191 	3
NODE_143757_length_966_cov_3.08123 	1
NODE_143581_length_967_cov_10.3717 	3
NODE_143414_length_968_cov_27.4392 	3
NODE_140460_length_984_cov_3.61249 	1
NODE_139783_length_988_cov_4.34727 	2
NODE_139617_length_989_cov_4.51499 	4
NODE_138910_length_993_cov_18.4755 	2
NODE_138277_length_996_cov_1.80871 	1
NODE_137938_length_998_cov_1.89608 	2
NODE_137334_length_1002_cov_19.3928 	3
NODE_137002_length_1004_cov_2.30558 	4
NODE_137041_length_1004_cov_3.72076 	2
NODE_136617_length_1006_cov_3.71293 	4
NODE_136248_length_1008_cov_2.09654 	1
NODE_135742_length_1012_cov_20.5831 	3
NODE_135547_length_1013_cov_18.0167 	3
NODE_135499_length_1013_cov_3.57829 	4
NODE_135337_length_1014_cov_10.7529 	3
NODE_134670_length_1018_cov_3.39356 	4
NODE_134232_length_1021_cov_2.17702 	4
NODE_134058_length_1022_cov_2.41262 	4
NODE_133930_length_1023_cov_4.24483 	2
NODE_133201_length_1027_cov_1.90021 	1
NODE_132907_length_1029_cov_3.02772 	4
NODE_132883_length_1029_cov_2.35318 	1
NODE_132988_length_1029_cov_6.31314 	3
NODE_132814_length_1030_cov_18.5395 	3
NODE_132405_length_1032_cov_11.9611 	3
NODE_131635_length_1037_cov_3.76477 	4
NODE_131628_length_1037_cov_3.86864 	4
NODE_131651_length_1037_cov_17.2077 	3
NODE_130975_length_1041_cov_2.56694 	4
NODE_130572_length_1043_cov_15.9757 	2
NODE_130354_length_1045_cov_12.1859 	3
NODE_130249_length_1046_cov_17.3845 	3
NODE_129829_length_1048_cov_1.65055 	3
NODE_129710_length_1049_cov_14.4487 	3
NODE_129698_length_1049_cov_16.5231 	3
NODE_129348_length_1051_cov_3.56426 	4
NODE_128037_length_1059_cov_2.32371 	1
NODE_127335_length_1064_cov_3.76809 	1
NODE_127316_length_1064_cov_2.23984 	1
NODE_126986_length_1067_cov_18.248 	3
NODE_126601_length_1069_cov_3.3284 	2
NODE_126279_length_1071_cov_3.53051 	4
NODE_125787_length_1074_cov_2.82924 	4
NODE_125871_length_1074_cov_11.0844 	3
NODE_125729_length_1075_cov_11.6176 	3
NODE_124864_length_1081_cov_20.7349 	3
NODE_124670_length_1082_cov_1.9445 	2
NODE_123994_length_1087_cov_15.8072 	3
NODE_123805_length_1088_cov_2.58567 	1
NODE_123697_length_1089_cov_11.5919 	3
NODE_123153_length_1093_cov_6.69557 	1
NODE_123193_length_1093_cov_18.4451 	3
NODE_123039_length_1094_cov_22.9249 	3
NODE_122790_length_1095_cov_2.75 	4
NODE_122520_length_1097_cov_2.70633 	4
NODE_122406_length_1098_cov_4.91083 	4
NODE_121764_length_1102_cov_8.15282 	4
NODE_121607_length_1103_cov_1.88359 	4
NODE_121333_length_1105_cov_2.36476 	4
NODE_121237_length_1106_cov_2.84872 	1
NODE_121080_length_1107_cov_2.77091 	1
NODE_120548_length_1111_cov_3.31629 	1
NODE_120104_length_1114_cov_3.9915 	2
NODE_119791_length_1116_cov_2.04147 	1
NODE_119702_length_1117_cov_16.1554 	3
NODE_119032_length_1122_cov_3.46392 	4
NODE_118801_length_1124_cov_2.51824 	1
NODE_118250_length_1128_cov_2.48555 	4
NODE_118104_length_1129_cov_2.03445 	1
NODE_117995_length_1130_cov_14.9442 	3
NODE_117574_length_1133_cov_1.89796 	2
NODE_117463_length_1134_cov_4.96015 	1
NODE_117429_length_1134_cov_2.99351 	2
NODE_117195_length_1136_cov_2.38945 	1
NODE_117099_length_1137_cov_15.6599 	3
NODE_116311_length_1143_cov_4.30423 	3
NODE_116107_length_1144_cov_2.23691 	1
NODE_115964_length_1146_cov_15.6774 	3
NODE_115808_length_1147_cov_21.4451 	3
NODE_115803_length_1147_cov_3.97894 	2
NODE_115057_length_1153_cov_20.4098 	3
NODE_114725_length_1155_cov_2.64545 	1
NODE_114515_length_1157_cov_13.5563 	3
NODE_114146_length_1160_cov_4.53303 	2
NODE_114010_length_1161_cov_3.79566 	1
NODE_114009_length_1161_cov_4.01899 	2
NODE_113915_length_1162_cov_2.63776 	1
NODE_113809_length_1163_cov_5.76264 	4
NODE_113681_length_1164_cov_11.1253 	3
NODE_113532_length_1165_cov_2.22162 	2
NODE_113349_length_1166_cov_2.81008 	1
NODE_113299_length_1167_cov_21.0683 	3
NODE_112913_length_1170_cov_4.1139 	2
NODE_112796_length_1171_cov_2.33961 	2
NODE_112530_length_1173_cov_3.07871 	4
NODE_111771_length_1179_cov_8.39591 	3
NODE_111715_length_1180_cov_13.6587 	3
NODE_111640_length_1180_cov_4.12178 	3
NODE_111162_length_1184_cov_2.72276 	4
NODE_111158_length_1184_cov_2.99203 	1
NODE_111061_length_1185_cov_2.93982 	2
NODE_110772_length_1187_cov_1.79329 	1
NODE_109883_length_1195_cov_2.68947 	4
NODE_109183_length_1201_cov_2.66841 	1
NODE_109202_length_1201_cov_3.2801 	1
NODE_109189_length_1201_cov_2.61606 	4
NODE_109114_length_1202_cov_14.9015 	3
NODE_108580_length_1206_cov_3.06082 	4
NODE_108558_length_1206_cov_6.15986 	3
NODE_108576_length_1206_cov_1.74109 	1
NODE_108379_length_1208_cov_1.91414 	1
NODE_108262_length_1209_cov_5.31369 	4
NODE_108131_length_1210_cov_3.83636 	4
NODE_107769_length_1213_cov_4.53109 	1
NODE_107653_length_1214_cov_2.33132 	4
NODE_107548_length_1215_cov_4.93707 	1
NODE_107585_length_1215_cov_3.69483 	4
NODE_107056_length_1220_cov_15.9073 	3
NODE_106895_length_1221_cov_3.91338 	3
NODE_106243_length_1226_cov_3.655 	2
NODE_106292_length_1226_cov_2.93681 	2
NODE_105985_length_1229_cov_16.9429 	3
NODE_105975_length_1229_cov_4.1678 	4
NODE_105843_length_1230_cov_4.99404 	4
NODE_105654_length_1232_cov_21.6092 	3
NODE_105610_length_1232_cov_2.14104 	1
NODE_105231_length_1236_cov_17.3133 	3
NODE_105127_length_1237_cov_17.0364 	3
NODE_104948_length_1238_cov_2.90363 	4
NODE_104463_length_1243_cov_7.00253 	2
NODE_104203_length_1245_cov_2.20588 	1
NODE_104222_length_1245_cov_2.46975 	1
NODE_103863_length_1248_cov_3.25817 	2
NODE_103889_length_1248_cov_2.40319 	4
NODE_103788_length_1249_cov_13.7362 	2
NODE_103827_length_1249_cov_16.5436 	2
NODE_103698_length_1250_cov_4.96569 	4
NODE_103593_length_1251_cov_21.1045 	3
NODE_103186_length_1254_cov_3.19766 	2
NODE_102712_length_1259_cov_12.6229 	3
NODE_102488_length_1261_cov_16.2745 	3
NODE_102482_length_1261_cov_6.28275 	3
NODE_102337_length_1263_cov_21.5488 	3
NODE_102311_length_1263_cov_3.62831 	3
NODE_102180_length_1264_cov_4.10505 	1
NODE_101896_length_1267_cov_12.8465 	3
NODE_101810_length_1268_cov_25.2918 	2
NODE_101307_length_1273_cov_5.20361 	2
NODE_100876_length_1277_cov_3.48854 	4
NODE_100501_length_1281_cov_2.67292 	4
NODE_100503_length_1281_cov_3.83605 	1
NODE_100173_length_1284_cov_2.59805 	2
NODE_99983_length_1286_cov_3.02518 	4
NODE_99661_length_1289_cov_3.12804 	4
NODE_99501_length_1291_cov_19.0421 	3
NODE_99362_length_1292_cov_3.38884 	2
NODE_99279_length_1293_cov_13.3772 	3
NODE_98994_length_1296_cov_4.45367 	1
NODE_98822_length_1298_cov_13.7265 	3
NODE_98285_length_1303_cov_2.15545 	4
NODE_98109_length_1305_cov_3.5344 	1
NODE_97976_length_1306_cov_2.86171 	1
NODE_97934_length_1307_cov_5.84105 	1
NODE_97815_length_1308_cov_4.07103 	1
NODE_97736_length_1309_cov_16.382 	3
NODE_97457_length_1312_cov_9.4113 	3
NODE_97375_length_1313_cov_2.12162 	1
NODE_97248_length_1314_cov_6.31771 	3
NODE_97093_length_1315_cov_3.38413 	4
NODE_97058_length_1316_cov_2.71213 	4
NODE_97059_length_1316_cov_5.45916 	2
NODE_96917_length_1317_cov_2.73772 	1
NODE_96865_length_1318_cov_4.76405 	1
NODE_96713_length_1319_cov_2.24051 	2
NODE_96626_length_1320_cov_2.10751 	1
NODE_96250_length_1324_cov_4.38219 	1
NODE_96235_length_1324_cov_3.15682 	2
NODE_96271_length_1324_cov_2.62648 	4
NODE_96078_length_1326_cov_2.74272 	1
NODE_96103_length_1326_cov_14.0393 	3
NODE_95975_length_1327_cov_3.47799 	4
NODE_95906_length_1328_cov_26.172 	3
NODE_95893_length_1328_cov_7.09269 	1
NODE_95705_length_1330_cov_4.74745 	4
NODE_95608_length_1331_cov_14.4389 	3
NODE_95579_length_1331_cov_2.75 	2
NODE_95416_length_1333_cov_3.49374 	1
NODE_95199_length_1335_cov_6.18594 	2
NODE_95134_length_1336_cov_4.56753 	4
NODE_95047_length_1337_cov_4.28081 	2
NODE_95027_length_1337_cov_1.9961 	2
NODE_94869_length_1339_cov_3.07866 	1
NODE_94720_length_1340_cov_2.37198 	1
NODE_94787_length_1340_cov_12.842 	3
NODE_94428_length_1343_cov_2.14053 	1
NODE_94288_length_1345_cov_5.12016 	4
NODE_93737_length_1351_cov_16.1211 	3
NODE_93627_length_1352_cov_18.1619 	3
NODE_93613_length_1352_cov_2.51349 	4
NODE_93444_length_1354_cov_34.3018 	1
NODE_93246_length_1356_cov_12.0968 	3
NODE_92907_length_1360_cov_2.68659 	4
NODE_92743_length_1361_cov_2.4755 	4
NODE_92685_length_1362_cov_4.07345 	2
NODE_92597_length_1363_cov_2.17508 	1
NODE_92271_length_1367_cov_3.49162 	1
NODE_92151_length_1368_cov_2.97791 	1
NODE_91925_length_1371_cov_3.95897 	1
NODE_91754_length_1373_cov_15.4067 	3
NODE_91680_length_1373_cov_1.98786 	1
NODE_91701_length_1373_cov_2.52428 	1
NODE_91609_length_1374_cov_3.66187 	1
NODE_91525_length_1375_cov_3.14242 	2
NODE_91464_length_1376_cov_9.64118 	3
NODE_91294_length_1378_cov_4.03023 	2
NODE_91231_length_1379_cov_17.7568 	3
NODE_91177_length_1379_cov_10.8089 	3
NODE_91226_length_1379_cov_17.8082 	3
NODE_90995_length_1381_cov_2.94118 	1
NODE_90851_length_1383_cov_3.16114 	1
NODE_90783_length_1384_cov_10.5515 	3
NODE_90665_length_1385_cov_2.69248 	1
NODE_90705_length_1385_cov_19.5947 	3
NODE_90583_length_1386_cov_3.38242 	4
NODE_90608_length_1386_cov_5.6882 	1
NODE_90491_length_1387_cov_5.43994 	2
NODE_90497_length_1387_cov_3.75225 	1
NODE_90172_length_1391_cov_2.64446 	1
NODE_90106_length_1392_cov_3.4555 	1
NODE_90038_length_1393_cov_13.5359 	3
NODE_89562_length_1398_cov_3.36783 	1
NODE_89598_length_1398_cov_3.38868 	2
NODE_89103_length_1404_cov_3.03706 	4
NODE_88985_length_1405_cov_2.42444 	4
NODE_89032_length_1405_cov_4.22593 	1
NODE_88984_length_1405_cov_2.39556 	4
NODE_88853_length_1407_cov_18.0695 	3
NODE_88877_length_1407_cov_15.193 	3
NODE_88758_length_1408_cov_11.8655 	3
NODE_88564_length_1410_cov_3.66863 	2
NODE_88387_length_1413_cov_22.4794 	3
NODE_88351_length_1413_cov_2.6296 	1
NODE_88221_length_1415_cov_5.65662 	2
NODE_88044_length_1417_cov_8.47944 	1
NODE_87884_length_1419_cov_10.934 	3
NODE_87852_length_1419_cov_2.77859 	1
NODE_87764_length_1420_cov_2.11795 	1
NODE_87795_length_1420_cov_2.6696 	1
NODE_87717_length_1421_cov_3.14056 	4
NODE_87742_length_1421_cov_18.1171 	3
NODE_87677_length_1422_cov_19.9159 	3
NODE_87648_length_1422_cov_3.23336 	4
NODE_87641_length_1422_cov_2.58595 	2
NODE_87378_length_1425_cov_3.42263 	4
NODE_87314_length_1426_cov_4.46973 	1
NODE_87326_length_1426_cov_11.9241 	3
NODE_86985_length_1430_cov_2.62691 	2
NODE_86846_length_1432_cov_15.6739 	3
NODE_86680_length_1434_cov_3.20232 	1
NODE_86578_length_1435_cov_1.41812 	4
NODE_86607_length_1435_cov_3.10362 	1
NODE_86518_length_1436_cov_2.69442 	2
NODE_86527_length_1436_cov_3.68791 	2
NODE_86254_length_1439_cov_2.67919 	1
NODE_86194_length_1440_cov_2.25415 	1
NODE_85543_length_1448_cov_1.71141 	2
NODE_85583_length_1448_cov_16.3869 	3
NODE_85558_length_1448_cov_4.1888 	3
NODE_85502_length_1449_cov_5.26614 	2
NODE_85417_length_1450_cov_3.56487 	2
NODE_85373_length_1451_cov_23.5881 	3
NODE_85223_length_1453_cov_21.5644 	3
NODE_85108_length_1454_cov_3.37813 	4
NODE_84989_length_1456_cov_3.03355 	1
NODE_84874_length_1457_cov_2.68402 	1
NODE_84861_length_1457_cov_3.12767 	4
NODE_84618_length_1460_cov_2.37082 	1
NODE_84605_length_1460_cov_4.80498 	4
NODE_84524_length_1461_cov_2.24964 	1
NODE_84327_length_1464_cov_31.6977 	2
NODE_84215_length_1465_cov_2.77518 	4
NODE_84110_length_1467_cov_4.13102 	2
NODE_84097_length_1467_cov_2.1721 	4
NODE_84016_length_1468_cov_3.09837 	1
NODE_84037_length_1468_cov_2.45294 	4
NODE_83872_length_1470_cov_3.48339 	2
NODE_83905_length_1470_cov_3.61201 	2
NODE_83637_length_1474_cov_21.1677 	3
NODE_83544_length_1475_cov_2.98099 	4
NODE_83492_length_1476_cov_16.9655 	3
NODE_83488_length_1476_cov_5.04574 	1
NODE_83511_length_1476_cov_3.38424 	4
NODE_83465_length_1476_cov_2.56861 	1
NODE_83395_length_1477_cov_2.53797 	1
NODE_83404_length_1477_cov_2.75176 	1
NODE_83330_length_1478_cov_4.3844 	4
NODE_83258_length_1479_cov_5.82935 	1
NODE_83186_length_1480_cov_18.1832 	3
NODE_83162_length_1480_cov_3.36 	1
NODE_83090_length_1481_cov_3.03015 	2
NODE_83023_length_1482_cov_11.6545 	3
NODE_82986_length_1482_cov_2.95936 	1
NODE_83035_length_1482_cov_2.60687 	3
NODE_82934_length_1483_cov_18.2262 	3
NODE_82734_length_1486_cov_12.1146 	3
NODE_82574_length_1488_cov_3.48918 	4
NODE_82478_length_1489_cov_2.24895 	1
NODE_82257_length_1492_cov_4.0675 	2
NODE_82104_length_1494_cov_2.72828 	4
NODE_82119_length_1494_cov_2.61918 	1
NODE_82101_length_1494_cov_7.20014 	1
NODE_82045_length_1495_cov_4.72361 	2
NODE_82048_length_1495_cov_2.80417 	1
NODE_81887_length_1497_cov_3.79542 	4
NODE_81840_length_1498_cov_3.21137 	1
NODE_81801_length_1499_cov_20.3317 	3
NODE_81789_length_1499_cov_16.0416 	3
NODE_81614_length_1501_cov_1.9751 	4
NODE_81625_length_1501_cov_2.79322 	1
NODE_81427_length_1504_cov_3.47412 	4
NODE_81377_length_1505_cov_14.5634 	3
NODE_81281_length_1506_cov_2.41626 	1
NODE_81310_length_1506_cov_4.38732 	2
NODE_81222_length_1507_cov_3.64738 	2
NODE_80988_length_1510_cov_10.0399 	3
NODE_80919_length_1511_cov_2.76786 	4
NODE_80869_length_1512_cov_2.93754 	1
NODE_80873_length_1512_cov_2.71929 	1
NODE_80848_length_1512_cov_3.9046 	3
NODE_80863_length_1512_cov_3.55182 	4
NODE_80874_length_1512_cov_2.97117 	1
NODE_80796_length_1513_cov_3.68587 	1
NODE_80722_length_1514_cov_4.37766 	2
NODE_80718_length_1514_cov_2.77862 	1
NODE_80615_length_1515_cov_1.84589 	4
NODE_80642_length_1515_cov_4.47466 	2
NODE_80625_length_1515_cov_3.57945 	1
NODE_80424_length_1518_cov_2.13739 	2
NODE_80430_length_1518_cov_2.40055 	1
NODE_80213_length_1521_cov_4.12756 	4
NODE_80170_length_1521_cov_17.4952 	3
NODE_80133_length_1522_cov_3.96319 	1
NODE_79896_length_1525_cov_3.05578 	1
NODE_79729_length_1528_cov_4.58927 	2
NODE_79551_length_1530_cov_2.17831 	4
NODE_79579_length_1530_cov_4.07254 	1
NODE_79365_length_1533_cov_2.79432 	1
NODE_79229_length_1535_cov_2.62635 	1
NODE_79166_length_1536_cov_3.25523 	2
NODE_79109_length_1537_cov_25.9372 	3
NODE_79086_length_1537_cov_3.52024 	1
NODE_79105_length_1537_cov_18.697 	2
NODE_79082_length_1537_cov_2.57625 	1
NODE_78863_length_1540_cov_2.38855 	1
NODE_78287_length_1549_cov_4.4759 	1
NODE_78215_length_1550_cov_2.85151 	1
NODE_77992_length_1553_cov_2.93591 	4
NODE_77850_length_1555_cov_6.50467 	1
NODE_77847_length_1555_cov_3.02467 	1
NODE_77700_length_1557_cov_3.92543 	2
NODE_77634_length_1558_cov_3.43446 	1
NODE_77565_length_1559_cov_3.96543 	1
NODE_77397_length_1562_cov_4.20106 	4
NODE_77258_length_1564_cov_3.1173 	2
NODE_77201_length_1565_cov_5.52649 	4
NODE_76943_length_1569_cov_4.73646 	2
NODE_76813_length_1571_cov_5.11675 	3
NODE_76691_length_1573_cov_7.10277 	1
NODE_76636_length_1574_cov_12.5806 	3
NODE_76633_length_1574_cov_11.8644 	3
NODE_76629_length_1574_cov_4.84661 	1
NODE_76478_length_1577_cov_18.7319 	3
NODE_76387_length_1578_cov_2.87393 	4
NODE_76269_length_1580_cov_19.2813 	3
NODE_76185_length_1581_cov_18.8709 	3
NODE_76054_length_1583_cov_21.1296 	3
NODE_75971_length_1584_cov_3.37868 	3
NODE_75880_length_1585_cov_8.20915 	3
NODE_75854_length_1586_cov_21.1137 	3
NODE_75830_length_1586_cov_2.49967 	4
NODE_75845_length_1586_cov_13.8609 	3
NODE_75744_length_1587_cov_3.45366 	4
NODE_75756_length_1587_cov_2.40209 	1
NODE_75658_length_1589_cov_4.21904 	2
NODE_75458_length_1592_cov_4.33377 	4
NODE_75177_length_1596_cov_4.46204 	1
NODE_75150_length_1597_cov_17.299 	3
NODE_75011_length_1599_cov_2.59521 	1
NODE_74832_length_1602_cov_4.04654 	2
NODE_74828_length_1602_cov_2.51648 	4
NODE_74768_length_1603_cov_4.31202 	1
NODE_74630_length_1605_cov_2.38129 	1
NODE_74644_length_1605_cov_15.6387 	3
NODE_74525_length_1606_cov_17.6699 	3
NODE_74433_length_1608_cov_2.63104 	4
NODE_74284_length_1610_cov_2.59486 	1
NODE_74305_length_1610_cov_3.40322 	1
NODE_74245_length_1611_cov_4.32198 	2
NODE_74226_length_1611_cov_2.98008 	1
NODE_74020_length_1615_cov_11.8981 	3
NODE_73882_length_1618_cov_12.515 	3
NODE_73386_length_1626_cov_2.68491 	1
NODE_73349_length_1627_cov_3.12595 	1
NODE_73289_length_1628_cov_14.8207 	3
NODE_73151_length_1630_cov_3.19111 	2
NODE_73063_length_1631_cov_3.01269 	1
NODE_72961_length_1633_cov_3.4512 	1
NODE_72849_length_1636_cov_14.4908 	3
NODE_72817_length_1636_cov_2.41176 	4
NODE_72713_length_1638_cov_4.23563 	1
NODE_72691_length_1638_cov_2.56349 	1
NODE_72462_length_1642_cov_5.06175 	2
NODE_72220_length_1646_cov_4.47266 	2
NODE_72230_length_1646_cov_10.0849 	3
NODE_72183_length_1647_cov_2.71796 	1
NODE_72171_length_1647_cov_4.31407 	2
NODE_72165_length_1647_cov_2.09108 	4
NODE_72113_length_1648_cov_5.04771 	4
NODE_72122_length_1648_cov_1.98431 	1
NODE_72007_length_1650_cov_2.9837 	1
NODE_71932_length_1651_cov_2.43797 	1
NODE_71836_length_1653_cov_18.6927 	3
NODE_71699_length_1655_cov_4.8625 	4
NODE_71616_length_1656_cov_2.30543 	1
NODE_71569_length_1657_cov_5.89763 	2
NODE_71518_length_1658_cov_3.49283 	2
NODE_71500_length_1658_cov_10.1354 	3
NODE_71466_length_1659_cov_13.851 	3
NODE_71079_length_1665_cov_3.57267 	4
NODE_70894_length_1668_cov_4.06014 	2
NODE_70761_length_1670_cov_3.14923 	4
NODE_70477_length_1675_cov_15.7247 	3
NODE_70275_length_1679_cov_3.56712 	2
NODE_70164_length_1681_cov_2.67712 	2
NODE_70070_length_1683_cov_4.66032 	2
NODE_70084_length_1683_cov_4.34951 	2
NODE_70013_length_1684_cov_3.19214 	1
NODE_70010_length_1684_cov_2.32597 	1
NODE_69917_length_1686_cov_11.4451 	3
NODE_69885_length_1686_cov_2.51686 	4
NODE_69862_length_1687_cov_17.1593 	3
NODE_69656_length_1690_cov_3.55291 	2
NODE_69515_length_1693_cov_10.7894 	3
NODE_69407_length_1695_cov_15.897 	3
NODE_69323_length_1696_cov_4.11213 	1
NODE_69226_length_1698_cov_2.77724 	1
NODE_69228_length_1698_cov_4.11077 	4
NODE_69179_length_1699_cov_3.69586 	1
NODE_68995_length_1702_cov_12.3163 	3
NODE_68940_length_1703_cov_9.03762 	3
NODE_68755_length_1706_cov_2.33131 	1
NODE_68720_length_1707_cov_3.64952 	2
NODE_68541_length_1710_cov_4.12991 	4
NODE_68338_length_1714_cov_3.14286 	1
NODE_68318_length_1715_cov_23.0036 	3
NODE_68289_length_1715_cov_3.76928 	2
NODE_68187_length_1717_cov_6.55355 	1
NODE_68193_length_1717_cov_12.8424 	3
NODE_68155_length_1718_cov_16.1245 	2
NODE_67977_length_1720_cov_16.4661 	3
NODE_67793_length_1724_cov_16.4146 	3
NODE_67683_length_1726_cov_3.18312 	1
NODE_67499_length_1730_cov_3.6203 	4
NODE_67186_length_1736_cov_16.9518 	3
NODE_67121_length_1737_cov_3.36147 	4
NODE_66899_length_1741_cov_1.93594 	3
NODE_66794_length_1743_cov_3.77251 	3
NODE_66719_length_1745_cov_5.8716 	2
NODE_66606_length_1747_cov_21.2494 	3
NODE_66586_length_1747_cov_3.31738 	1
NODE_66523_length_1748_cov_16.3739 	3
NODE_66413_length_1750_cov_3.83009 	2
NODE_66396_length_1751_cov_25.6692 	3
NODE_66287_length_1753_cov_4.89458 	2
NODE_66157_length_1755_cov_2.55647 	1
NODE_66048_length_1757_cov_2.66627 	4
NODE_65794_length_1762_cov_5.21968 	2
NODE_65695_length_1764_cov_3.0907 	4
NODE_65566_length_1767_cov_3.39603 	1
NODE_65462_length_1769_cov_11.4212 	3
NODE_65380_length_1771_cov_1.97552 	4
NODE_65320_length_1772_cov_4.44846 	3
NODE_65283_length_1773_cov_6.55937 	2
NODE_65294_length_1773_cov_13.8725 	3
NODE_65251_length_1774_cov_19.1111 	2
NODE_65204_length_1775_cov_18.5477 	3
NODE_65130_length_1776_cov_2.03835 	1
NODE_65075_length_1777_cov_2.65796 	1
NODE_65103_length_1777_cov_25.9617 	3
NODE_65045_length_1778_cov_16.5786 	3
NODE_65033_length_1778_cov_6.84504 	1
NODE_64935_length_1780_cov_2.87826 	1
NODE_64897_length_1781_cov_5.75261 	2
NODE_64752_length_1784_cov_5.08676 	2
NODE_64702_length_1785_cov_11.8329 	3
NODE_64631_length_1786_cov_3.38706 	1
NODE_64602_length_1787_cov_12.7887 	3
NODE_64592_length_1787_cov_3.12471 	4
NODE_64591_length_1787_cov_4.0179 	3
NODE_64543_length_1788_cov_2.80265 	4
NODE_64498_length_1789_cov_2.08074 	4
NODE_64458_length_1790_cov_3.08703 	4
NODE_64460_length_1790_cov_2.517 	1
NODE_64375_length_1792_cov_9.63385 	3
NODE_64331_length_1793_cov_3.63406 	3
NODE_64338_length_1793_cov_13.6904 	2
NODE_64268_length_1794_cov_4.46406 	1
NODE_64278_length_1794_cov_12.3439 	3
NODE_64059_length_1798_cov_18.0993 	3
NODE_64002_length_1799_cov_15.8091 	3
NODE_64012_length_1799_cov_17.0969 	3
NODE_63927_length_1800_cov_2.46762 	1
NODE_63958_length_1800_cov_17.2487 	3
NODE_63845_length_1801_cov_2.51833 	2
NODE_63775_length_1803_cov_8.21911 	1
NODE_63522_length_1808_cov_15.2362 	3
NODE_63412_length_1810_cov_4.00855 	4
NODE_63373_length_1811_cov_7.47551 	1
NODE_63334_length_1812_cov_3.68697 	1
NODE_63293_length_1813_cov_15.1468 	3
NODE_63236_length_1814_cov_17.1143 	3
NODE_63189_length_1815_cov_3.10057 	2
NODE_63131_length_1816_cov_3.32254 	4
NODE_62982_length_1819_cov_3.0737 	1
NODE_62578_length_1827_cov_13.6637 	3
NODE_62506_length_1829_cov_2.95547 	1
NODE_62276_length_1834_cov_2.68241 	1
NODE_62234_length_1835_cov_3.22472 	2
NODE_62156_length_1837_cov_2.66274 	1
NODE_62119_length_1838_cov_4.42232 	1
NODE_61987_length_1841_cov_4.2318 	1
NODE_61695_length_1848_cov_20.0563 	3
NODE_61353_length_1855_cov_15.4317 	3
NODE_61318_length_1856_cov_20.8823 	3
NODE_61055_length_1861_cov_2.52215 	1
NODE_61020_length_1862_cov_4.30548 	2
NODE_60870_length_1865_cov_2.66851 	4
NODE_60884_length_1865_cov_4.51602 	2
NODE_60792_length_1867_cov_5.87196 	2
NODE_60588_length_1872_cov_4.74518 	4
NODE_60431_length_1875_cov_12.0753 	3
NODE_60321_length_1878_cov_3.36807 	2
NODE_60180_length_1881_cov_2.64184 	1
NODE_60183_length_1881_cov_5.6161 	4
NODE_60055_length_1884_cov_2.67305 	1
NODE_60011_length_1885_cov_2.83224 	4
NODE_59972_length_1886_cov_4.71382 	2
NODE_59920_length_1888_cov_3.47736 	1
NODE_59694_length_1893_cov_4.1605 	4
NODE_59621_length_1895_cov_6.34348 	1
NODE_59610_length_1895_cov_2.35109 	4
NODE_59436_length_1899_cov_2.48698 	1
NODE_59459_length_1899_cov_12.7251 	3
NODE_59371_length_1901_cov_2.83424 	1
NODE_59244_length_1904_cov_4.73391 	4
NODE_59260_length_1904_cov_4.00541 	1
NODE_59118_length_1907_cov_2.49784 	2
NODE_58919_length_1912_cov_4.00862 	2
NODE_58676_length_1918_cov_1.95813 	4
NODE_58648_length_1919_cov_4.04292 	2
NODE_58297_length_1927_cov_3.80502 	4
NODE_58263_length_1928_cov_5.9653 	1
NODE_58166_length_1930_cov_3.7552 	1
NODE_58173_length_1930_cov_18.6208 	3
NODE_58018_length_1934_cov_24.4859 	3
NODE_57954_length_1935_cov_3.57713 	2
NODE_57869_length_1937_cov_2.50691 	1
NODE_57893_length_1937_cov_12.2136 	2
NODE_57838_length_1938_cov_2.34466 	4
NODE_57612_length_1944_cov_23.9312 	3
NODE_57595_length_1944_cov_4.27528 	2
NODE_57494_length_1947_cov_21.6142 	3
NODE_57349_length_1950_cov_3.62164 	2
NODE_57183_length_1954_cov_2.396 	1
NODE_57044_length_1958_cov_18.0557 	3
NODE_56925_length_1961_cov_2.95855 	1
NODE_56937_length_1961_cov_3.44281 	2
NODE_56924_length_1961_cov_2.16159 	1
NODE_56874_length_1962_cov_2.52229 	4
NODE_56894_length_1962_cov_10.9969 	3
NODE_56855_length_1963_cov_2.91457 	1
NODE_56795_length_1964_cov_4.7648 	2
NODE_56800_length_1964_cov_7.6197 	1
NODE_56702_length_1966_cov_2.57091 	4
NODE_56659_length_1967_cov_2.70868 	1
NODE_56556_length_1970_cov_4.14465 	3
NODE_56481_length_1972_cov_3.01461 	1
NODE_56450_length_1973_cov_13.3087 	2
NODE_56449_length_1973_cov_2.90042 	1
NODE_56349_length_1975_cov_2.90781 	4
NODE_56317_length_1976_cov_2.84123 	4
NODE_56226_length_1978_cov_5.71035 	3
NODE_56160_length_1979_cov_2.89605 	4
NODE_56029_length_1983_cov_3.82158 	1
NODE_55952_length_1985_cov_21.2119 	3
NODE_55895_length_1986_cov_2.93786 	2
NODE_55917_length_1986_cov_13.3304 	3
NODE_55843_length_1988_cov_19.8531 	3
NODE_55794_length_1989_cov_2.61737 	1
NODE_55791_length_1989_cov_3.15408 	2
NODE_55769_length_1990_cov_18.0579 	3
NODE_55567_length_1995_cov_3.14639 	1
NODE_55536_length_1996_cov_4.71252 	1
NODE_55409_length_1999_cov_3.09311 	4
NODE_55411_length_1999_cov_4.12294 	3
NODE_55256_length_2003_cov_2.90349 	4
NODE_55156_length_2006_cov_4.26602 	1
NODE_55081_length_2008_cov_2.56733 	2
NODE_54982_length_2011_cov_3.51943 	1
NODE_54975_length_2011_cov_3.86452 	2
NODE_54920_length_2013_cov_15.5858 	3
NODE_54898_length_2013_cov_3.56895 	4
NODE_54841_length_2015_cov_2.36786 	1
NODE_54804_length_2016_cov_2.95003 	1
NODE_54817_length_2016_cov_14.4136 	3
NODE_54748_length_2017_cov_4.00815 	4
NODE_54453_length_2025_cov_5.05838 	4
NODE_54422_length_2026_cov_13.5769 	3
NODE_54338_length_2028_cov_12.7871 	3
NODE_54163_length_2032_cov_2.85938 	4
NODE_54142_length_2033_cov_8.07634 	2
NODE_54060_length_2035_cov_22.0293 	3
NODE_54018_length_2037_cov_3.58577 	2
NODE_54005_length_2037_cov_4.31483 	1
NODE_53909_length_2039_cov_1.99597 	4
NODE_53749_length_2044_cov_5.16189 	2
NODE_53746_length_2044_cov_14.1961 	3
NODE_53678_length_2046_cov_3.57308 	1
NODE_53551_length_2049_cov_5.01153 	4
NODE_53564_length_2049_cov_16.4228 	3
NODE_53529_length_2050_cov_8.67268 	1
NODE_53538_length_2050_cov_14.9539 	3
NODE_53460_length_2051_cov_2.9479 	1
NODE_53440_length_2052_cov_19.5343 	3
NODE_53242_length_2057_cov_2.48551 	4
NODE_53197_length_2058_cov_3.5996 	2
NODE_53026_length_2063_cov_3.3257 	3
NODE_52963_length_2065_cov_3.84378 	1
NODE_52941_length_2066_cov_5.93038 	1
NODE_52837_length_2069_cov_18.9434 	3
NODE_52646_length_2075_cov_3.12178 	4
NODE_52500_length_2079_cov_3.28409 	4
NODE_52429_length_2081_cov_3.42596 	2
NODE_52448_length_2081_cov_17.6876 	3
NODE_52325_length_2084_cov_2.8206 	1
NODE_52326_length_2084_cov_3.70379 	4
NODE_52233_length_2087_cov_3.2126 	1
NODE_52092_length_2091_cov_3.34578 	1
NODE_52081_length_2091_cov_12.6208 	3
NODE_52050_length_2092_cov_3.85911 	3
NODE_52016_length_2093_cov_2.82287 	1
NODE_51865_length_2097_cov_2.79383 	1
NODE_51841_length_2098_cov_4.11796 	4
NODE_51797_length_2099_cov_2.67466 	4
NODE_51791_length_2100_cov_17.3648 	3
NODE_51703_length_2102_cov_2.77088 	4
NODE_51604_length_2105_cov_3.56537 	4
NODE_51564_length_2106_cov_12.7562 	3
NODE_51569_length_2106_cov_2.68211 	1
NODE_51576_length_2106_cov_8.18284 	3
NODE_51454_length_2109_cov_16.2722 	3
NODE_51382_length_2112_cov_18.6753 	3
NODE_51367_length_2112_cov_3.42829 	1
NODE_51272_length_2115_cov_3.43883 	2
NODE_51220_length_2117_cov_14.5805 	3
NODE_51184_length_2118_cov_6.18856 	2
NODE_50925_length_2126_cov_2.89184 	4
NODE_50895_length_2127_cov_5.64141 	2
NODE_50821_length_2129_cov_4.83703 	2
NODE_50684_length_2133_cov_2.79355 	4
NODE_50600_length_2135_cov_15.5279 	3
NODE_50530_length_2137_cov_11.1407 	3
NODE_50508_length_2138_cov_19.1877 	3
NODE_50396_length_2141_cov_22.6874 	3
NODE_50347_length_2142_cov_4.17729 	4
NODE_50344_length_2142_cov_3.36368 	2
NODE_50187_length_2147_cov_3.2457 	1
NODE_50152_length_2148_cov_12.7831 	3
NODE_50161_length_2148_cov_13.7253 	3
NODE_50077_length_2150_cov_2.95704 	4
NODE_50093_length_2150_cov_22.179 	3
NODE_50081_length_2150_cov_2.84821 	4
NODE_50079_length_2150_cov_3.1136 	1
NODE_49978_length_2153_cov_4.74786 	4
NODE_49923_length_2155_cov_11.3186 	2
NODE_49863_length_2156_cov_19.03 	3
NODE_49870_length_2156_cov_2.40695 	1
NODE_49548_length_2165_cov_3.89336 	1
NODE_49528_length_2166_cov_4.02605 	2
NODE_49358_length_2171_cov_3.25331 	1
NODE_49237_length_2175_cov_3.15613 	4
NODE_49134_length_2178_cov_2.11964 	1
NODE_48695_length_2191_cov_5.9485 	2
NODE_48707_length_2191_cov_9.45599 	3
NODE_48703_length_2191_cov_7.30384 	1
NODE_48631_length_2193_cov_2.60571 	1
NODE_48446_length_2199_cov_2.79897 	4
NODE_48384_length_2201_cov_5.55918 	2
NODE_48397_length_2201_cov_2.57502 	1
NODE_48339_length_2203_cov_21.4553 	3
NODE_48186_length_2208_cov_13.9893 	3
NODE_47792_length_2221_cov_16.9183 	3
NODE_47771_length_2222_cov_10.0475 	3
NODE_47710_length_2223_cov_2.67574 	1
NODE_47630_length_2226_cov_3.655 	2
NODE_47606_length_2227_cov_5.42449 	2
NODE_47517_length_2230_cov_6.50207 	1
NODE_47459_length_2232_cov_12.6339 	3
NODE_47335_length_2236_cov_13.8757 	3
NODE_47289_length_2238_cov_5.3312 	1
NODE_47275_length_2238_cov_5.08887 	4
NODE_47269_length_2239_cov_11.5206 	3
NODE_47256_length_2239_cov_2.74817 	4
NODE_47202_length_2241_cov_13.5274 	3
NODE_46945_length_2250_cov_2.1139 	1
NODE_46915_length_2251_cov_3.76138 	2
NODE_46672_length_2259_cov_4.58076 	3
NODE_46524_length_2264_cov_2.06383 	4
NODE_46448_length_2267_cov_3.46745 	4
NODE_46220_length_2275_cov_2.43514 	2
NODE_46219_length_2275_cov_3.38108 	1
NODE_46197_length_2276_cov_14.8289 	3
NODE_46085_length_2279_cov_6.79541 	2
NODE_46038_length_2281_cov_5.52965 	1
NODE_45971_length_2283_cov_2.90889 	4
NODE_45955_length_2284_cov_6.52624 	3
NODE_45947_length_2284_cov_17.5671 	3
NODE_45927_length_2285_cov_2.88296 	4
NODE_45620_length_2295_cov_5.36562 	4
NODE_45624_length_2295_cov_6.6183 	3
NODE_45504_length_2299_cov_3.24911 	2
NODE_45491_length_2300_cov_4.49532 	1
NODE_45436_length_2302_cov_2.97018 	1
NODE_45353_length_2305_cov_10.8822 	3
NODE_45325_length_2306_cov_4.05509 	2
NODE_45302_length_2307_cov_5.22202 	3
NODE_45256_length_2309_cov_4.66548 	2
NODE_45204_length_2311_cov_5.32934 	2
NODE_45040_length_2316_cov_3.45245 	1
NODE_45048_length_2316_cov_6.64042 	1
NODE_44991_length_2319_cov_26.9704 	3
NODE_44975_length_2319_cov_2.88295 	2
NODE_44945_length_2320_cov_5.87152 	2
NODE_44862_length_2323_cov_3.21032 	1
NODE_44738_length_2328_cov_6.48658 	1
NODE_44596_length_2333_cov_5.91264 	1
NODE_44572_length_2334_cov_4.25713 	1
NODE_44549_length_2335_cov_13.3175 	3
NODE_44508_length_2336_cov_2.62473 	1
NODE_44496_length_2337_cov_5.22656 	1
NODE_44455_length_2339_cov_5.23643 	2
NODE_44306_length_2344_cov_2.46527 	4
NODE_44321_length_2344_cov_6.10223 	1
NODE_44291_length_2345_cov_27.3175 	3
NODE_44198_length_2349_cov_4.04446 	2
NODE_44027_length_2355_cov_3.00609 	1
NODE_43992_length_2356_cov_2.44068 	4
NODE_44004_length_2356_cov_4.91917 	1
NODE_43987_length_2356_cov_5.92221 	4
NODE_43926_length_2358_cov_2.95267 	4
NODE_43853_length_2361_cov_4.54597 	2
NODE_43835_length_2362_cov_11.2718 	3
NODE_43783_length_2364_cov_2.79255 	2
NODE_43763_length_2365_cov_4.47446 	4
NODE_43762_length_2365_cov_4.30996 	4
NODE_43732_length_2366_cov_3.11121 	1
NODE_43585_length_2372_cov_16.6202 	3
NODE_43477_length_2375_cov_3.61509 	4
NODE_43474_length_2376_cov_22.6868 	3
NODE_43442_length_2377_cov_15.6072 	3
NODE_43367_length_2380_cov_14.3376 	3
NODE_43312_length_2381_cov_2.35297 	4
NODE_43316_length_2381_cov_4.37102 	2
NODE_43298_length_2382_cov_21.4469 	3
NODE_43118_length_2389_cov_5.9533 	1
NODE_43082_length_2391_cov_6.77911 	1
NODE_43087_length_2391_cov_10.6259 	3
NODE_42727_length_2405_cov_3.85277 	2
NODE_42619_length_2409_cov_9.75106 	3
NODE_42587_length_2410_cov_19.4977 	3
NODE_42601_length_2410_cov_14.2739 	3
NODE_42596_length_2410_cov_20.2726 	3
NODE_42576_length_2410_cov_3.53588 	1
NODE_42347_length_2419_cov_2.64721 	4
NODE_42134_length_2427_cov_2.65852 	1
NODE_42069_length_2430_cov_14.1903 	3
NODE_41959_length_2434_cov_8.06978 	1
NODE_41913_length_2436_cov_3.62537 	2
NODE_41889_length_2438_cov_21.1297 	3
NODE_41856_length_2439_cov_5.02223 	1
NODE_41765_length_2442_cov_5.45036 	1
NODE_41746_length_2443_cov_18.474 	3
NODE_41721_length_2444_cov_19.9447 	3
NODE_41637_length_2447_cov_6.11037 	4
NODE_41603_length_2448_cov_3.73381 	2
NODE_41578_length_2449_cov_4.25021 	4
NODE_41565_length_2450_cov_15.3787 	3
NODE_41416_length_2456_cov_2.84965 	1
NODE_41347_length_2459_cov_3.04576 	1
NODE_41315_length_2460_cov_4.04241 	2
NODE_41149_length_2467_cov_2.89221 	2
NODE_40972_length_2474_cov_4.50186 	4
NODE_40898_length_2477_cov_4.48101 	4
NODE_40793_length_2481_cov_3.55812 	2
NODE_40770_length_2482_cov_3.72476 	1
NODE_40738_length_2483_cov_5.05025 	2
NODE_40716_length_2484_cov_14.247 	3
NODE_40649_length_2486_cov_11.2106 	3
NODE_40626_length_2487_cov_2.37007 	1
NODE_40532_length_2491_cov_4.08908 	2
NODE_40506_length_2492_cov_5.18465 	1
NODE_40271_length_2502_cov_3.46996 	2
NODE_40229_length_2504_cov_11.9914 	2
NODE_40216_length_2505_cov_4.88327 	3
NODE_40162_length_2508_cov_10.3592 	3
NODE_40129_length_2509_cov_11.3875 	3
NODE_39947_length_2516_cov_4.28972 	3
NODE_39918_length_2517_cov_3.98294 	3
NODE_39782_length_2523_cov_3.57131 	1
NODE_39796_length_2523_cov_3.98541 	3
NODE_39695_length_2527_cov_11.8819 	3
NODE_39615_length_2530_cov_3.59515 	1
NODE_39598_length_2531_cov_16.3199 	3
NODE_39565_length_2532_cov_3.98426 	4
NODE_39553_length_2532_cov_5.76544 	1
NODE_39458_length_2536_cov_3.98871 	1
NODE_39199_length_2547_cov_9.44823 	3
NODE_39178_length_2548_cov_4.18572 	2
NODE_39078_length_2552_cov_6.98638 	1
NODE_39061_length_2553_cov_4.34588 	2
NODE_38981_length_2556_cov_3.36186 	2
NODE_38937_length_2558_cov_4.4207 	3
NODE_38887_length_2561_cov_15.5954 	3
NODE_38878_length_2561_cov_3.52913 	3
NODE_38824_length_2564_cov_15.9366 	3
NODE_38790_length_2565_cov_3.86534 	4
NODE_38703_length_2569_cov_4.31384 	2
NODE_38681_length_2570_cov_3.0338 	1
NODE_38585_length_2575_cov_6.69603 	1
NODE_38566_length_2576_cov_13.4173 	3
NODE_38545_length_2577_cov_5.1927 	3
NODE_38546_length_2577_cov_17.23 	3
NODE_38529_length_2578_cov_5.99802 	3
NODE_38513_length_2579_cov_12.523 	3
NODE_38459_length_2581_cov_4.98694 	2
NODE_38414_length_2584_cov_18.1095 	3
NODE_38356_length_2586_cov_4.51877 	3
NODE_38333_length_2587_cov_4.67773 	4
NODE_38310_length_2588_cov_11.5519 	3
NODE_38289_length_2589_cov_3.15075 	2
NODE_38253_length_2590_cov_4.69507 	3
NODE_38251_length_2590_cov_4.70848 	4
NODE_38224_length_2591_cov_2.91325 	1
NODE_38237_length_2591_cov_19.4341 	3
NODE_38186_length_2592_cov_2.27 	2
NODE_38123_length_2595_cov_2.37323 	1
NODE_38108_length_2596_cov_3.3904 	2
NODE_38090_length_2597_cov_4.70771 	2
NODE_38042_length_2599_cov_3.29992 	2
NODE_38032_length_2600_cov_4.79882 	3
NODE_38013_length_2601_cov_4.14415 	3
NODE_37990_length_2602_cov_15.8013 	3
NODE_37921_length_2605_cov_5.42118 	3
NODE_37852_length_2609_cov_15.4558 	3
NODE_37797_length_2611_cov_4.30047 	2
NODE_37774_length_2612_cov_2.71294 	4
NODE_37564_length_2621_cov_2.41777 	2
NODE_37516_length_2624_cov_15.5543 	3
NODE_37500_length_2625_cov_17.1914 	3
NODE_37494_length_2625_cov_5.42763 	1
NODE_37497_length_2625_cov_2.807 	4
NODE_37397_length_2630_cov_3.52971 	2
NODE_37380_length_2631_cov_4.21933 	2
NODE_37303_length_2634_cov_8.07057 	1
NODE_37312_length_2634_cov_15.6239 	3
NODE_37204_length_2639_cov_21.93 	3
NODE_37203_length_2639_cov_17.666 	3
NODE_37177_length_2640_cov_4.60503 	4
NODE_37070_length_2645_cov_3.19498 	1
NODE_37054_length_2646_cov_5.02277 	2
NODE_36966_length_2650_cov_5.53141 	2
NODE_36957_length_2650_cov_3.90674 	3
NODE_36964_length_2650_cov_4.29942 	1
NODE_36942_length_2651_cov_8.45455 	1
NODE_36888_length_2653_cov_3.12779 	3
NODE_36750_length_2660_cov_22.757 	3
NODE_36708_length_2661_cov_3.01535 	4
NODE_36700_length_2662_cov_17.4791 	3
NODE_36650_length_2664_cov_3.63434 	3
NODE_36605_length_2666_cov_4.31176 	2
NODE_36612_length_2666_cov_14.6308 	3
NODE_36589_length_2667_cov_3.17994 	1
NODE_36511_length_2671_cov_14.7603 	3
NODE_36472_length_2672_cov_4.52694 	1
NODE_36470_length_2672_cov_3.05655 	1
NODE_36407_length_2675_cov_6.46679 	2
NODE_36395_length_2676_cov_5.88249 	1
NODE_36375_length_2677_cov_4.61594 	3
NODE_36240_length_2683_cov_3.64992 	1
NODE_36184_length_2685_cov_5.5251 	2
NODE_36138_length_2687_cov_4.77584 	2
NODE_36121_length_2688_cov_2.93961 	1
NODE_36124_length_2688_cov_16.4816 	3
NODE_36031_length_2693_cov_9.91357 	3
NODE_36036_length_2693_cov_5.28089 	3
NODE_35965_length_2696_cov_4.88944 	4
NODE_35915_length_2699_cov_6.48865 	2
NODE_35895_length_2700_cov_4.97656 	2
NODE_35897_length_2700_cov_3.69792 	4
NODE_35880_length_2701_cov_3.03364 	3
NODE_35843_length_2703_cov_14.0279 	3
NODE_35796_length_2705_cov_11.9019 	3
NODE_35739_length_2708_cov_3.56879 	3
NODE_35715_length_2709_cov_7.54748 	2
NODE_35625_length_2713_cov_7.05681 	1
NODE_35602_length_2715_cov_11.2534 	3
NODE_35556_length_2718_cov_4.30792 	3
NODE_35554_length_2718_cov_4.19865 	2
NODE_35482_length_2722_cov_5.24672 	1
NODE_35426_length_2724_cov_17.4121 	3
NODE_35446_length_2724_cov_15.5717 	3
NODE_35393_length_2726_cov_5.845 	2
NODE_35391_length_2726_cov_4.15275 	2
NODE_35345_length_2728_cov_2.96259 	4
NODE_35250_length_2733_cov_3.77819 	3
NODE_35247_length_2733_cov_4.4944 	3
NODE_35243_length_2734_cov_26.3386 	3
NODE_35170_length_2738_cov_3.78233 	2
NODE_35140_length_2740_cov_16.0209 	2
NODE_34875_length_2753_cov_3.78317 	2
NODE_34849_length_2754_cov_3.68655 	3
NODE_34819_length_2755_cov_3.40481 	3
NODE_34779_length_2758_cov_16.3222 	3
NODE_34737_length_2760_cov_5.59852 	1
NODE_34734_length_2760_cov_3.01368 	1
NODE_34712_length_2761_cov_4.60569 	4
NODE_34684_length_2762_cov_3.25083 	3
NODE_34546_length_2769_cov_2.57664 	1
NODE_34527_length_2770_cov_4.55801 	1
NODE_34526_length_2770_cov_2.83425 	1
NODE_34534_length_2770_cov_20.8114 	3
NODE_34478_length_2773_cov_4.94739 	2
NODE_34370_length_2779_cov_4.79075 	1
NODE_34314_length_2783_cov_2.38673 	2
NODE_34257_length_2785_cov_2.61172 	1
NODE_34259_length_2785_cov_5.93407 	3
NODE_34255_length_2786_cov_16.383 	2
NODE_34252_length_2786_cov_5.46833 	2
NODE_34181_length_2790_cov_15.3371 	3
NODE_34167_length_2791_cov_8.1652 	1
NODE_34096_length_2795_cov_7.71277 	1
NODE_34011_length_2800_cov_5.06302 	2
NODE_34019_length_2800_cov_5.88452 	1
NODE_33949_length_2803_cov_3.42067 	3
NODE_33893_length_2806_cov_2.90185 	1
NODE_33803_length_2811_cov_5.5508 	1
NODE_33802_length_2811_cov_4.67271 	1
NODE_33745_length_2814_cov_5.42769 	3
NODE_33739_length_2815_cov_27.6391 	3
NODE_33691_length_2818_cov_4.45566 	4
NODE_33661_length_2819_cov_3.8788 	2
NODE_33667_length_2819_cov_10.915 	3
NODE_33634_length_2821_cov_14.6135 	3
NODE_33593_length_2823_cov_3.74892 	3
NODE_33580_length_2824_cov_9.56771 	3
NODE_33528_length_2826_cov_2.62468 	1
NODE_33477_length_2829_cov_3.03785 	1
NODE_33453_length_2830_cov_3.40505 	4
NODE_33428_length_2832_cov_4.88549 	3
NODE_33418_length_2833_cov_4.4424 	3
NODE_33393_length_2834_cov_12.1875 	3
NODE_33362_length_2836_cov_3.68429 	3
NODE_33363_length_2836_cov_4.11435 	3
NODE_33332_length_2838_cov_3.2217 	1
NODE_33319_length_2839_cov_9.11674 	3
NODE_33298_length_2840_cov_3.07648 	4
NODE_33289_length_2841_cov_4.40057 	3
NODE_33278_length_2841_cov_4.39734 	1
NODE_33222_length_2844_cov_3.63177 	3
NODE_33218_length_2845_cov_15.1287 	3
NODE_33203_length_2846_cov_5.40631 	1
NODE_33127_length_2850_cov_2.79642 	4
NODE_33105_length_2851_cov_3.77539 	3
NODE_33106_length_2851_cov_2.95994 	1
NODE_33090_length_2852_cov_4.36718 	3
NODE_33072_length_2853_cov_2.93495 	4
NODE_32970_length_2859_cov_3.54494 	3
NODE_32977_length_2859_cov_4.17689 	3
NODE_32960_length_2860_cov_4.41889 	3
NODE_32951_length_2861_cov_2.969 	3
NODE_32878_length_2865_cov_3.18541 	1
NODE_32744_length_2872_cov_9.21406 	3
NODE_32745_length_2872_cov_5.44799 	4
NODE_32758_length_2872_cov_14.6812 	3
NODE_32731_length_2873_cov_4.20795 	4
NODE_32729_length_2873_cov_3.77679 	2
NODE_32724_length_2874_cov_14.8471 	3
NODE_32705_length_2875_cov_5.04574 	2
NODE_32629_length_2879_cov_10.5205 	3
NODE_32622_length_2880_cov_5.97381 	3
NODE_32617_length_2880_cov_7.01841 	1
NODE_32451_length_2890_cov_4.22046 	1
NODE_32350_length_2895_cov_3.00423 	1
NODE_32281_length_2900_cov_5.49877 	1
NODE_32280_length_2900_cov_15.361 	3
NODE_32263_length_2901_cov_19.3271 	3
NODE_32253_length_2901_cov_5.60014 	3
NODE_32181_length_2906_cov_5.32094 	2
NODE_32110_length_2910_cov_7.26585 	1
NODE_32008_length_2917_cov_2.57792 	2
NODE_32016_length_2917_cov_6.39099 	1
NODE_32007_length_2917_cov_14.7082 	3
NODE_32002_length_2918_cov_20.2159 	3
NODE_31991_length_2918_cov_4.02096 	1
NODE_31880_length_2925_cov_13.6157 	3
NODE_31851_length_2927_cov_3.03238 	3
NODE_31805_length_2931_cov_4.35466 	1
NODE_31758_length_2934_cov_3.75582 	1
NODE_31695_length_2938_cov_3.46792 	3
NODE_31673_length_2940_cov_8.12998 	3
NODE_31628_length_2943_cov_4.90235 	3
NODE_31554_length_2948_cov_3.30626 	3
NODE_31514_length_2950_cov_5.70466 	2
NODE_31501_length_2951_cov_13.5376 	3
NODE_31414_length_2956_cov_4.79249 	3
NODE_31369_length_2959_cov_5.65083 	3
NODE_31363_length_2959_cov_4.47796 	3
NODE_31341_length_2960_cov_3.75938 	2
NODE_31323_length_2961_cov_3.9095 	3
NODE_31266_length_2965_cov_7.52371 	1
NODE_31262_length_2965_cov_5.30309 	2
NODE_31188_length_2970_cov_3.56913 	3
NODE_31148_length_2973_cov_5.97498 	1
NODE_31106_length_2976_cov_2.45669 	2
NODE_31037_length_2980_cov_3.7347 	3
NODE_30998_length_2982_cov_4.6423 	2
NODE_30935_length_2986_cov_4.36813 	2
NODE_30900_length_2988_cov_2.53802 	1
NODE_30721_length_3000_cov_2.48285 	4
NODE_30674_length_3003_cov_3.61533 	4
NODE_30593_length_3008_cov_4.55401 	4
NODE_30563_length_3010_cov_5.90626 	1
NODE_30549_length_3011_cov_4.01894 	3
NODE_30555_length_3011_cov_13.9327 	3
NODE_30498_length_3014_cov_8.79621 	3
NODE_30455_length_3017_cov_3.48717 	4
NODE_30424_length_3020_cov_4.1457 	2
NODE_30410_length_3021_cov_13.2967 	3
NODE_30382_length_3023_cov_5.35512 	3
NODE_30311_length_3029_cov_5.64526 	3
NODE_30297_length_3030_cov_16.0598 	3
NODE_30207_length_3035_cov_14.0238 	3
NODE_30145_length_3038_cov_4.47603 	2
NODE_30049_length_3045_cov_3.79465 	4
NODE_30041_length_3045_cov_3.1689 	3
NODE_30030_length_3046_cov_5.06486 	3
NODE_29966_length_3050_cov_6.85042 	3
NODE_29845_length_3057_cov_4.50999 	2
NODE_29851_length_3057_cov_5.06696 	1
NODE_29829_length_3058_cov_5.38129 	2
NODE_29781_length_3062_cov_8.6445 	3
NODE_29744_length_3064_cov_4.48754 	1
NODE_29753_length_3064_cov_5.36092 	2
NODE_29706_length_3067_cov_14.826 	3
NODE_29532_length_3080_cov_4.76595 	2
NODE_29489_length_3083_cov_4.5644 	3
NODE_29434_length_3087_cov_4.25462 	3
NODE_29393_length_3089_cov_3.52044 	1
NODE_29381_length_3090_cov_19.7585 	3
NODE_29365_length_3091_cov_15.5122 	3
NODE_29331_length_3094_cov_18.182 	3
NODE_29322_length_3094_cov_4.37019 	2
NODE_29292_length_3096_cov_3.63104 	3
NODE_29289_length_3097_cov_15.027 	3
NODE_29233_length_3101_cov_3.39035 	2
NODE_29236_length_3101_cov_4.87722 	3
NODE_29222_length_3102_cov_2.84706 	1
NODE_29210_length_3104_cov_23.0495 	3
NODE_28999_length_3118_cov_10.6611 	3
NODE_28976_length_3119_cov_4.70757 	2
NODE_28938_length_3122_cov_18.762 	3
NODE_28859_length_3127_cov_4.15527 	1
NODE_28836_length_3128_cov_3.77611 	2
NODE_28815_length_3130_cov_14.8163 	3
NODE_28751_length_3134_cov_4.0669 	1
NODE_28713_length_3137_cov_6.93835 	3
NODE_28647_length_3142_cov_14.2365 	3
NODE_28627_length_3143_cov_4.52979 	4
NODE_28587_length_3146_cov_5.6438 	2
NODE_28586_length_3146_cov_5.76415 	3
NODE_28490_length_3153_cov_5.43383 	3
NODE_28466_length_3155_cov_18.9087 	3
NODE_28412_length_3159_cov_5.36179 	2
NODE_28357_length_3163_cov_4.57432 	3
NODE_28355_length_3163_cov_5.20946 	4
NODE_28203_length_3176_cov_12.2586 	3
NODE_28160_length_3179_cov_2.79641 	3
NODE_28129_length_3181_cov_3.31894 	3
NODE_28051_length_3188_cov_10.3086 	3
NODE_27945_length_3195_cov_4.07197 	3
NODE_27906_length_3198_cov_23.0738 	3
NODE_27844_length_3203_cov_26.0867 	2
NODE_27819_length_3205_cov_6.35937 	1
NODE_27674_length_3216_cov_2.87377 	4
NODE_27648_length_3218_cov_4.84161 	3
NODE_27608_length_3221_cov_4.70215 	2
NODE_27577_length_3223_cov_3.4517 	4
NODE_27527_length_3227_cov_3.61255 	2
NODE_27515_length_3228_cov_3.98771 	4
NODE_27502_length_3229_cov_3.95211 	3
NODE_27478_length_3231_cov_3.84131 	3
NODE_27366_length_3240_cov_13.9152 	3
NODE_27260_length_3247_cov_3.71429 	3
NODE_27247_length_3248_cov_5.71782 	3
NODE_27238_length_3249_cov_14.6293 	3
NODE_27164_length_3255_cov_5.12906 	4
NODE_27131_length_3258_cov_23.4402 	3
NODE_27081_length_3261_cov_3.21616 	1
NODE_27054_length_3264_cov_7.41228 	1
NODE_26979_length_3270_cov_4.22488 	2
NODE_26956_length_3271_cov_4.0597 	2
NODE_26949_length_3271_cov_4.00808 	3
NODE_26936_length_3272_cov_3.31458 	3
NODE_26889_length_3276_cov_7.28656 	1
NODE_26883_length_3276_cov_3.07016 	1
NODE_26856_length_3278_cov_3.90537 	2
NODE_26682_length_3290_cov_4.42628 	3
NODE_26660_length_3292_cov_4.1316 	2
NODE_26625_length_3294_cov_3.27231 	3
NODE_26594_length_3297_cov_3.45898 	3
NODE_26550_length_3301_cov_2.77788 	4
NODE_26559_length_3301_cov_3.62477 	1
NODE_26536_length_3303_cov_4.65856 	1
NODE_26527_length_3304_cov_3.46599 	2
NODE_26471_length_3308_cov_4.73901 	1
NODE_26445_length_3310_cov_4.70108 	2
NODE_26431_length_3311_cov_8.0344 	1
NODE_26404_length_3314_cov_4.41608 	3
NODE_26362_length_3316_cov_15.1708 	3
NODE_26288_length_3321_cov_16.181 	3
NODE_26269_length_3322_cov_3 	4
NODE_26241_length_3324_cov_4.96513 	2
NODE_26169_length_3330_cov_5.67786 	3
NODE_26154_length_3332_cov_5.47879 	3
NODE_26115_length_3336_cov_5.84761 	3
NODE_26105_length_3337_cov_15.7112 	3
NODE_26055_length_3341_cov_10.3938 	3
NODE_26058_length_3341_cov_15.4747 	3
NODE_26001_length_3347_cov_10.4304 	3
NODE_25973_length_3350_cov_3.84522 	1
NODE_25668_length_3376_cov_2.46341 	4
NODE_25640_length_3379_cov_5.09988 	1
NODE_25634_length_3380_cov_14.7353 	3
NODE_25600_length_3383_cov_4.04237 	4
NODE_25559_length_3386_cov_13.9189 	3
NODE_25505_length_3389_cov_2.71656 	4
NODE_25490_length_3391_cov_12.9784 	3
NODE_25489_length_3391_cov_4.66217 	3
NODE_25470_length_3392_cov_3.28229 	2
NODE_25457_length_3393_cov_15.4248 	3
NODE_25436_length_3394_cov_3.48877 	4
NODE_25326_length_3404_cov_13.7208 	3
NODE_25277_length_3408_cov_2.99851 	4
NODE_25232_length_3412_cov_5.50372 	1
NODE_25219_length_3413_cov_11.4083 	3
NODE_25190_length_3416_cov_16.2074 	3
NODE_25189_length_3416_cov_16.0574 	3
NODE_25175_length_3417_cov_5.88816 	3
NODE_25093_length_3424_cov_22.3553 	3
NODE_25026_length_3429_cov_5.46236 	1
NODE_25016_length_3430_cov_12.88 	3
NODE_24957_length_3434_cov_15.1708 	3
NODE_24870_length_3443_cov_4.69481 	1
NODE_24859_length_3444_cov_5.24993 	2
NODE_24839_length_3446_cov_4.05249 	2
NODE_24781_length_3451_cov_3.74706 	2
NODE_24733_length_3455_cov_8.57147 	1
NODE_24710_length_3457_cov_5.60347 	1
NODE_24591_length_3467_cov_5.32181 	2
NODE_24491_length_3476_cov_3.40631 	2
NODE_24481_length_3478_cov_20.9953 	3
NODE_24468_length_3479_cov_9.74007 	3
NODE_24302_length_3495_cov_5.51424 	1
NODE_24265_length_3498_cov_12.9495 	3
NODE_24190_length_3505_cov_4.71652 	3
NODE_24130_length_3511_cov_30.9227 	5
NODE_24085_length_3514_cov_2.5571 	3
NODE_24053_length_3518_cov_13.6298 	3
NODE_24039_length_3519_cov_5.4668 	3
NODE_23999_length_3523_cov_4.53201 	4
NODE_23986_length_3525_cov_6.72334 	3
NODE_23918_length_3532_cov_22.9304 	3
NODE_23892_length_3534_cov_6.70969 	1
NODE_23882_length_3535_cov_12.577 	3
NODE_23853_length_3539_cov_15.2844 	3
NODE_23791_length_3545_cov_13.9049 	3
NODE_23783_length_3546_cov_5.17846 	1
NODE_23763_length_3547_cov_4.24914 	2
NODE_23741_length_3549_cov_4.29021 	1
NODE_23718_length_3551_cov_4.75601 	1
NODE_23653_length_3557_cov_31.07 	5
NODE_23622_length_3560_cov_3.96234 	1
NODE_23497_length_3572_cov_3.35599 	1
NODE_23459_length_3576_cov_3.3837 	2
NODE_23451_length_3577_cov_3.01618 	1
NODE_23410_length_3581_cov_6.77226 	3
NODE_23317_length_3590_cov_5.01386 	2
NODE_23186_length_3601_cov_3.54258 	1
NODE_23172_length_3602_cov_4.98534 	1
NODE_23173_length_3602_cov_6.89851 	3
NODE_23105_length_3609_cov_7.54192 	3
NODE_23085_length_3612_cov_3.76891 	3
NODE_23047_length_3615_cov_4.83764 	2
NODE_22941_length_3625_cov_5.91793 	2
NODE_22900_length_3629_cov_5.02294 	3
NODE_22847_length_3634_cov_5.06594 	2
NODE_22828_length_3636_cov_17.6817 	3
NODE_22783_length_3639_cov_2.31669 	2
NODE_22777_length_3639_cov_3.91406 	1
NODE_22759_length_3641_cov_3.38873 	4
NODE_22720_length_3644_cov_2.54834 	1
NODE_22687_length_3647_cov_3.65674 	2
NODE_22686_length_3647_cov_13.468 	3
NODE_22683_length_3648_cov_12.808 	3
NODE_22661_length_3650_cov_11.9232 	3
NODE_22611_length_3654_cov_4.21423 	2
NODE_22615_length_3654_cov_7.44485 	1
NODE_22602_length_3655_cov_4.25722 	3
NODE_22571_length_3659_cov_4.92037 	1
NODE_22498_length_3665_cov_6.06814 	3
NODE_22471_length_3667_cov_2.50443 	4
NODE_22459_length_3668_cov_3.58096 	2
NODE_22381_length_3677_cov_5.46908 	2
NODE_22368_length_3679_cov_21.4506 	3
NODE_22323_length_3683_cov_5.94763 	1
NODE_22276_length_3688_cov_5.85494 	3
NODE_22278_length_3688_cov_4.1134 	3
NODE_22226_length_3694_cov_7.72437 	3
NODE_22212_length_3695_cov_2.66456 	1
NODE_22125_length_3703_cov_13.8166 	3
NODE_22106_length_3704_cov_6.73965 	1
NODE_22053_length_3710_cov_3.44186 	4
NODE_22004_length_3716_cov_2.72467 	1
NODE_21927_length_3723_cov_5.63113 	1
NODE_21878_length_3727_cov_2.686 	1
NODE_21871_length_3728_cov_5.89328 	4
NODE_21804_length_3734_cov_14.3194 	3
NODE_21766_length_3738_cov_13.051 	3
NODE_21705_length_3746_cov_20.5844 	3
NODE_21626_length_3752_cov_4.95537 	3
NODE_21607_length_3753_cov_4.15279 	3
NODE_21567_length_3756_cov_3.67198 	4
NODE_21548_length_3758_cov_12.0429 	3
NODE_21508_length_3761_cov_5.75391 	3
NODE_21445_length_3769_cov_4.70194 	2
NODE_21425_length_3772_cov_4.17353 	2
NODE_21346_length_3782_cov_7.0212 	1
NODE_21301_length_3786_cov_5.42187 	1
NODE_21305_length_3786_cov_6.57652 	1
NODE_21284_length_3788_cov_6.58237 	3
NODE_21267_length_3790_cov_3.69558 	3
NODE_21243_length_3792_cov_3.49746 	3
NODE_21238_length_3793_cov_4.04468 	4
NODE_21233_length_3793_cov_3.59417 	2
NODE_21199_length_3798_cov_12.3519 	3
NODE_21198_length_3798_cov_4.80631 	1
NODE_21175_length_3800_cov_4.23418 	4
NODE_21177_length_3800_cov_2.6227 	4
NODE_21057_length_3815_cov_6.77314 	2
NODE_21042_length_3817_cov_4.63876 	1
NODE_21012_length_3821_cov_5.05815 	1
NODE_20947_length_3829_cov_4.04425 	4
NODE_20941_length_3829_cov_3.81902 	1
NODE_20904_length_3831_cov_17.4966 	3
NODE_20878_length_3834_cov_22.1479 	3
NODE_20817_length_3842_cov_4.53314 	2
NODE_20787_length_3846_cov_6.48747 	1
NODE_20765_length_3848_cov_2.84761 	4
NODE_20715_length_3854_cov_4.57489 	2
NODE_20707_length_3855_cov_4.58842 	4
NODE_20680_length_3857_cov_2.5747 	1
NODE_20644_length_3861_cov_5.94325 	2
NODE_20620_length_3865_cov_6.48635 	1
NODE_20604_length_3866_cov_4.07767 	2
NODE_20567_length_3871_cov_7.40409 	1
NODE_20529_length_3875_cov_1.9678 	2
NODE_20531_length_3875_cov_14.2825 	3
NODE_20508_length_3877_cov_2.42308 	3
NODE_20477_length_3881_cov_5.58651 	3
NODE_20428_length_3886_cov_4.21718 	1
NODE_20420_length_3886_cov_4.85435 	4
NODE_20414_length_3887_cov_4.09264 	4
NODE_20341_length_3894_cov_4.54077 	2
NODE_20339_length_3895_cov_12.8359 	3
NODE_20311_length_3898_cov_5.39084 	1
NODE_20309_length_3898_cov_3.67265 	1
NODE_20281_length_3902_cov_2.94801 	1
NODE_20208_length_3910_cov_3.06615 	3
NODE_20137_length_3920_cov_3.22768 	1
NODE_20099_length_3924_cov_5.00465 	3
NODE_20065_length_3927_cov_14.1878 	3
NODE_20039_length_3931_cov_14.1086 	3
NODE_20029_length_3932_cov_14.2938 	3
NODE_20021_length_3933_cov_14.7099 	3
NODE_20023_length_3933_cov_3.377 	1
NODE_20006_length_3936_cov_8.19196 	3
NODE_19907_length_3948_cov_3.96121 	1
NODE_19811_length_3957_cov_8.98539 	3
NODE_19788_length_3960_cov_4.29424 	1
NODE_19790_length_3960_cov_15.054 	3
NODE_19763_length_3963_cov_4.14227 	2
NODE_19742_length_3966_cov_17.1519 	3
NODE_19623_length_3979_cov_3.93043 	1
NODE_19544_length_3988_cov_11.0015 	3
NODE_19543_length_3988_cov_4.50343 	2
NODE_19539_length_3988_cov_4.03153 	2
NODE_19531_length_3989_cov_4.06533 	2
NODE_19456_length_3999_cov_14.8233 	3
NODE_19370_length_4009_cov_13.0481 	3
NODE_19314_length_4016_cov_5.74804 	2
NODE_19315_length_4016_cov_4.51906 	2
NODE_19298_length_4017_cov_3.6055 	1
NODE_19282_length_4020_cov_5.55082 	2
NODE_19278_length_4021_cov_15.0454 	3
NODE_19151_length_4036_cov_3.32504 	4
NODE_19147_length_4036_cov_13.0831 	3
NODE_19141_length_4037_cov_3.75088 	3
NODE_19127_length_4038_cov_10.3723 	3
NODE_19088_length_4042_cov_8.49009 	1
NODE_19000_length_4053_cov_3.94422 	3
NODE_18955_length_4059_cov_4.02448 	2
NODE_18938_length_4061_cov_3.65901 	3
NODE_18907_length_4065_cov_18.7596 	3
NODE_18818_length_4078_cov_6.1479 	1
NODE_18819_length_4078_cov_4.81979 	3
NODE_18811_length_4078_cov_3.02585 	4
NODE_18667_length_4097_cov_4.32781 	3
NODE_18660_length_4098_cov_21.3166 	3
NODE_18649_length_4099_cov_20.6909 	3
NODE_18643_length_4099_cov_12.1449 	3
NODE_18633_length_4101_cov_11.5917 	3
NODE_18608_length_4104_cov_3.99111 	2
NODE_18601_length_4105_cov_3.79284 	2
NODE_18575_length_4108_cov_4.11029 	3
NODE_18556_length_4111_cov_4.06188 	2
NODE_18551_length_4112_cov_3.48854 	1
NODE_18527_length_4116_cov_9.18813 	1
NODE_18497_length_4120_cov_5.76728 	2
NODE_18499_length_4120_cov_6.43444 	1
NODE_18493_length_4121_cov_4.22405 	4
NODE_18485_length_4122_cov_4.08458 	3
NODE_18482_length_4123_cov_21.8019 	3
NODE_18441_length_4128_cov_5.44193 	1
NODE_18407_length_4132_cov_3.71523 	2
NODE_18275_length_4153_cov_6.59736 	3
NODE_18108_length_4175_cov_3.05146 	3
NODE_18109_length_4175_cov_5.40218 	3
NODE_18086_length_4179_cov_12.7871 	3
NODE_18055_length_4183_cov_10.3159 	6
NODE_18041_length_4185_cov_3.73293 	2
NODE_18033_length_4186_cov_12.3389 	3
NODE_18012_length_4189_cov_4.72932 	4
NODE_17947_length_4199_cov_4.80792 	3
NODE_17942_length_4200_cov_4.29385 	2
NODE_17842_length_4216_cov_4.33117 	3
NODE_17783_length_4223_cov_4.65331 	2
NODE_17775_length_4224_cov_16.988 	3
NODE_17744_length_4229_cov_4.31624 	4
NODE_17703_length_4236_cov_5.51112 	2
NODE_17696_length_4237_cov_17.1777 	3
NODE_17678_length_4240_cov_12.8464 	3
NODE_17448_length_4275_cov_4.65782 	2
NODE_17396_length_4283_cov_3.39144 	3
NODE_17400_length_4283_cov_6.45293 	1
NODE_17365_length_4288_cov_9.37798 	3
NODE_17345_length_4292_cov_6.58084 	1
NODE_17235_length_4309_cov_4.34814 	3
NODE_17234_length_4309_cov_28.4039 	5
NODE_17187_length_4316_cov_9.23492 	3
NODE_17185_length_4316_cov_3.92842 	3
NODE_17163_length_4321_cov_2.78411 	4
NODE_17146_length_4325_cov_2.97986 	4
NODE_17104_length_4331_cov_2.69691 	4
NODE_17077_length_4335_cov_3.97383 	3
NODE_17072_length_4336_cov_12.1046 	3
NODE_17011_length_4344_cov_4.79785 	3
NODE_16996_length_4346_cov_4.86926 	1
NODE_16982_length_4348_cov_3.28651 	3
NODE_16983_length_4348_cov_10.843 	3
NODE_16961_length_4352_cov_5.06214 	1
NODE_16951_length_4353_cov_4.3704 	2
NODE_16936_length_4356_cov_4.42548 	3
NODE_16910_length_4360_cov_3.92544 	3
NODE_16894_length_4364_cov_30.7942 	5
NODE_16868_length_4367_cov_20.1739 	3
NODE_16845_length_4370_cov_4.35829 	4
NODE_16838_length_4372_cov_16.6016 	3
NODE_16829_length_4373_cov_4.78254 	3
NODE_16823_length_4374_cov_11.3144 	3
NODE_16822_length_4374_cov_4.58856 	3
NODE_16753_length_4385_cov_16.1182 	3
NODE_16652_length_4402_cov_16.0851 	3
NODE_16629_length_4406_cov_2.79062 	2
NODE_16589_length_4411_cov_4.42309 	4
NODE_16585_length_4412_cov_6.38857 	1
NODE_16527_length_4420_cov_5.38236 	3
NODE_16513_length_4422_cov_13.5299 	3
NODE_16479_length_4427_cov_13.1327 	3
NODE_16445_length_4433_cov_5.94267 	1
NODE_16393_length_4442_cov_13.6102 	3
NODE_16378_length_4445_cov_13.8374 	3
NODE_16367_length_4446_cov_3.93851 	2
NODE_16343_length_4450_cov_4.80364 	2
NODE_16279_length_4458_cov_4.66477 	1
NODE_16236_length_4465_cov_5.99977 	1
NODE_16202_length_4469_cov_13.9021 	3
NODE_16187_length_4473_cov_6.70779 	1
NODE_16150_length_4478_cov_15.5318 	3
NODE_16136_length_4479_cov_4.03458 	3
NODE_16128_length_4481_cov_16.5653 	3
NODE_16113_length_4483_cov_7.53094 	1
NODE_16108_length_4484_cov_21.9408 	3
NODE_16094_length_4486_cov_10.8276 	3
NODE_16097_length_4486_cov_32.2719 	5
NODE_16074_length_4489_cov_3.27424 	1
NODE_16076_length_4489_cov_4.84596 	1
NODE_15981_length_4505_cov_4.68899 	4
NODE_15977_length_4506_cov_4.3206 	4
NODE_15955_length_4509_cov_9.1026 	6
NODE_15953_length_4510_cov_5.24355 	3
NODE_15896_length_4520_cov_13.0132 	3
NODE_15845_length_4530_cov_3.77229 	3
NODE_15802_length_4538_cov_15.1372 	3
NODE_15767_length_4544_cov_3.69102 	2
NODE_15754_length_4546_cov_10.4436 	6
NODE_15725_length_4552_cov_18.123 	3
NODE_15669_length_4560_cov_17.4819 	3
NODE_15649_length_4563_cov_15.8283 	3
NODE_15487_length_4589_cov_7.28341 	6
NODE_15418_length_4600_cov_7.02794 	1
NODE_15398_length_4604_cov_14.7054 	3
NODE_15370_length_4609_cov_10.6748 	3
NODE_15368_length_4609_cov_6.18357 	2
NODE_15302_length_4620_cov_4.63286 	1
NODE_15292_length_4621_cov_7.96671 	3
NODE_15245_length_4630_cov_7.49246 	6
NODE_15202_length_4639_cov_5.37282 	3
NODE_15185_length_4642_cov_3.51428 	1
NODE_15140_length_4651_cov_5.77415 	3
NODE_15096_length_4659_cov_17.866 	3
NODE_15074_length_4661_cov_3.77399 	3
NODE_15057_length_4665_cov_3.75662 	3
NODE_15043_length_4668_cov_4.783 	2
NODE_14967_length_4680_cov_13.5596 	3
NODE_14944_length_4683_cov_4.46975 	2
NODE_14913_length_4688_cov_3.07317 	1
NODE_14892_length_4692_cov_3.73108 	4
NODE_14881_length_4693_cov_5.17766 	1
NODE_14876_length_4694_cov_4.14098 	2
NODE_14867_length_4696_cov_3.86231 	4
NODE_14847_length_4699_cov_4.45586 	2
NODE_14848_length_4699_cov_5.01314 	2
NODE_14821_length_4704_cov_2.87417 	1
NODE_14745_length_4717_cov_20.4492 	3
NODE_14716_length_4722_cov_4.87037 	3
NODE_14705_length_4724_cov_6.64875 	4
NODE_14689_length_4727_cov_36.2896 	5
NODE_14684_length_4727_cov_11.402 	3
NODE_14664_length_4731_cov_13.1854 	3
NODE_14635_length_4740_cov_16.3586 	3
NODE_14619_length_4743_cov_4.38737 	1
NODE_14589_length_4748_cov_10.5425 	3
NODE_14587_length_4748_cov_4.84338 	2
NODE_14580_length_4749_cov_4.0392 	3
NODE_14567_length_4752_cov_16.7134 	3
NODE_14562_length_4753_cov_12.3203 	3
NODE_14495_length_4765_cov_5.7535 	1
NODE_14481_length_4767_cov_2.97156 	1
NODE_14450_length_4773_cov_4.18631 	3
NODE_14411_length_4779_cov_3.64606 	3
NODE_14390_length_4783_cov_5.39679 	3
NODE_14336_length_4794_cov_5.23402 	3
NODE_14324_length_4796_cov_5.80742 	3
NODE_14279_length_4805_cov_3.70842 	4
NODE_14276_length_4806_cov_18.2138 	3
NODE_14230_length_4814_cov_18.8172 	3
NODE_14213_length_4817_cov_6.96052 	1
NODE_14194_length_4820_cov_4.58972 	2
NODE_14190_length_4821_cov_18.7396 	3
NODE_14079_length_4842_cov_21.2402 	3
NODE_14060_length_4845_cov_11.4693 	6
NODE_14032_length_4849_cov_4.89508 	1
NODE_14026_length_4850_cov_5.34724 	2
NODE_13972_length_4859_cov_28.8693 	5
NODE_13963_length_4861_cov_4.41074 	2
NODE_13936_length_4866_cov_5.67096 	3
NODE_13933_length_4867_cov_5.05362 	1
NODE_13911_length_4871_cov_4.72571 	2
NODE_13880_length_4878_cov_15.1333 	3
NODE_13865_length_4880_cov_3.82446 	2
NODE_13849_length_4882_cov_5.64056 	4
NODE_13817_length_4888_cov_4.4432 	2
NODE_13785_length_4895_cov_4.42314 	3
NODE_13775_length_4897_cov_3.03408 	1
NODE_13777_length_4897_cov_6.27014 	3
NODE_13771_length_4898_cov_14.9853 	3
NODE_13721_length_4907_cov_5.48042 	4
NODE_13695_length_4911_cov_4.45778 	2
NODE_13672_length_4918_cov_4.37076 	2
NODE_13665_length_4920_cov_12.0327 	6
NODE_13650_length_4922_cov_7.91412 	3
NODE_13596_length_4934_cov_13.3597 	6
NODE_13588_length_4935_cov_4.81209 	2
NODE_13558_length_4941_cov_4.19218 	2
NODE_13502_length_4954_cov_4.2923 	6
NODE_13498_length_4957_cov_4.62036 	3
NODE_13491_length_4958_cov_5.06975 	2
NODE_13472_length_4964_cov_4.45243 	2
NODE_13465_length_4966_cov_3.48259 	4
NODE_13451_length_4969_cov_3.81909 	2
NODE_13378_length_4987_cov_9.61192 	3
NODE_13303_length_5007_cov_4.84511 	4
NODE_13211_length_5033_cov_5.2049 	2
NODE_13198_length_5035_cov_4.88454 	2
NODE_13188_length_5037_cov_6.74709 	1
NODE_13189_length_5037_cov_6.6666 	1
NODE_13137_length_5048_cov_4.41859 	2
NODE_13107_length_5055_cov_22.2896 	3
NODE_13087_length_5059_cov_4.74061 	2
NODE_12953_length_5088_cov_3.20187 	4
NODE_12884_length_5101_cov_4.81352 	3
NODE_12856_length_5107_cov_3.55305 	1
NODE_12846_length_5109_cov_11.4543 	3
NODE_12836_length_5112_cov_5.85604 	3
NODE_12786_length_5123_cov_4.40706 	4
NODE_12751_length_5133_cov_4.26881 	2
NODE_12754_length_5133_cov_4.57523 	1
NODE_12742_length_5135_cov_14.689 	1
NODE_12732_length_5137_cov_5.32979 	3
NODE_12718_length_5140_cov_4.04562 	2
NODE_12652_length_5156_cov_8.00569 	3
NODE_12622_length_5163_cov_3.22944 	3
NODE_12565_length_5175_cov_4.28945 	3
NODE_12566_length_5175_cov_11.5156 	6
NODE_12532_length_5181_cov_27.7318 	5
NODE_12512_length_5187_cov_13.6479 	3
NODE_12443_length_5205_cov_31.1984 	5
NODE_12426_length_5209_cov_10.0479 	3
NODE_12412_length_5213_cov_14.0508 	3
NODE_12398_length_5217_cov_6.90198 	6
NODE_12312_length_5235_cov_4.85541 	3
NODE_12304_length_5236_cov_11.8052 	3
NODE_12207_length_5261_cov_5.47445 	2
NODE_12156_length_5271_cov_3.18175 	4
NODE_12151_length_5273_cov_4.05194 	3
NODE_12062_length_5298_cov_18.7955 	3
NODE_12059_length_5298_cov_12.1493 	3
NODE_12046_length_5301_cov_6.17232 	1
NODE_12026_length_5306_cov_11.7393 	3
NODE_12018_length_5309_cov_31.7785 	5
NODE_12013_length_5311_cov_12.7148 	3
NODE_11992_length_5315_cov_7.09487 	1
NODE_11986_length_5319_cov_4.30338 	1
NODE_11968_length_5324_cov_3.99393 	3
NODE_11955_length_5327_cov_5.03187 	4
NODE_11948_length_5329_cov_8.85552 	6
NODE_11950_length_5329_cov_30.985 	5
NODE_11905_length_5341_cov_5.04086 	4
NODE_11900_length_5342_cov_11.4572 	3
NODE_11890_length_5344_cov_9.79108 	6
NODE_11885_length_5346_cov_4.81478 	1
NODE_11873_length_5348_cov_4.11317 	2
NODE_11839_length_5356_cov_4.13016 	3
NODE_11835_length_5357_cov_4.13485 	2
NODE_11797_length_5367_cov_12.9629 	3
NODE_11774_length_5372_cov_4.92834 	2
NODE_11711_length_5388_cov_3.79655 	1
NODE_11694_length_5393_cov_18.4873 	3
NODE_11625_length_5411_cov_5.12957 	6
NODE_11597_length_5416_cov_6.00877 	4
NODE_11590_length_5417_cov_4.31686 	4
NODE_11570_length_5422_cov_29.4887 	5
NODE_11548_length_5427_cov_12.2692 	3
NODE_11530_length_5432_cov_4.0225 	1
NODE_11460_length_5456_cov_4.91187 	2
NODE_11387_length_5474_cov_19.5429 	3
NODE_11345_length_5485_cov_4.04291 	3
NODE_11337_length_5488_cov_9.53433 	6
NODE_11330_length_5490_cov_19.7408 	3
NODE_11271_length_5504_cov_4.57423 	2
NODE_11254_length_5512_cov_4.95419 	2
NODE_11202_length_5526_cov_32.2753 	5
NODE_11087_length_5558_cov_7.21897 	1
NODE_11072_length_5562_cov_6.1035 	2
NODE_11024_length_5574_cov_5.99203 	1
NODE_11003_length_5580_cov_9.70805 	6
NODE_10996_length_5582_cov_10.9464 	6
NODE_10982_length_5586_cov_13.1974 	6
NODE_10944_length_5595_cov_4.92599 	2
NODE_10900_length_5608_cov_19.1351 	3
NODE_10885_length_5611_cov_3.06228 	5
NODE_10879_length_5612_cov_5.48066 	2
NODE_10844_length_5618_cov_2.94805 	1
NODE_10773_length_5640_cov_3.9615 	2
NODE_10765_length_5643_cov_15.6752 	3
NODE_10751_length_5647_cov_11.9941 	3
NODE_10731_length_5654_cov_30.3352 	5
NODE_10726_length_5655_cov_4.46875 	2
NODE_10718_length_5658_cov_31.8456 	5
NODE_10685_length_5668_cov_22.1078 	3
NODE_10660_length_5677_cov_9.15777 	6
NODE_10661_length_5677_cov_14.0724 	3
NODE_10638_length_5685_cov_5.92682 	2
NODE_10596_length_5698_cov_4.93337 	2
NODE_10589_length_5703_cov_16.4657 	3
NODE_10579_length_5707_cov_5.10067 	1
NODE_10576_length_5708_cov_18.1604 	3
NODE_10567_length_5709_cov_12.0566 	3
NODE_10559_length_5711_cov_5.78377 	2
NODE_10538_length_5716_cov_5.22629 	2
NODE_10484_length_5731_cov_6.85465 	1
NODE_10393_length_5761_cov_34.3486 	5
NODE_10373_length_5766_cov_3.01033 	1
NODE_10338_length_5777_cov_4.91472 	2
NODE_10334_length_5778_cov_3.89464 	3
NODE_10305_length_5788_cov_3.75144 	2
NODE_10255_length_5804_cov_11.3966 	3
NODE_10240_length_5808_cov_5.40779 	4
NODE_10214_length_5817_cov_13.9209 	3
NODE_10049_length_5862_cov_5.68555 	1
NODE_10041_length_5864_cov_12.1735 	3
NODE_10025_length_5869_cov_4.98125 	2
NODE_10021_length_5870_cov_4.17816 	2
NODE_9997_length_5879_cov_4.5819 	3
NODE_9979_length_5886_cov_12.5056 	6
NODE_9977_length_5887_cov_18.6385 	3
NODE_9957_length_5894_cov_7.32865 	1
NODE_9891_length_5912_cov_6.18491 	1
NODE_9854_length_5925_cov_4.18637 	4
NODE_9841_length_5929_cov_4.70582 	4
NODE_9825_length_5936_cov_14.5633 	3
NODE_9805_length_5940_cov_4.30535 	1
NODE_9763_length_5952_cov_4.54027 	3
NODE_9724_length_5966_cov_4.52157 	4
NODE_9689_length_5975_cov_3.09916 	1
NODE_9685_length_5976_cov_4.05117 	2
NODE_9671_length_5979_cov_4.45628 	3
NODE_9667_length_5980_cov_3.94582 	2
NODE_9668_length_5980_cov_5.3865 	4
NODE_9645_length_5989_cov_6.75261 	1
NODE_9636_length_5990_cov_3.77304 	2
NODE_9558_length_6015_cov_15.5861 	3
NODE_9538_length_6021_cov_4.04123 	3
NODE_9532_length_6024_cov_3.78489 	3
NODE_9512_length_6029_cov_4.19953 	2
NODE_9511_length_6031_cov_10.7974 	6
NODE_9491_length_6039_cov_10.9114 	6
NODE_9467_length_6046_cov_6.4213 	1
NODE_9414_length_6070_cov_4.50324 	2
NODE_9405_length_6072_cov_4.3894 	2
NODE_9387_length_6078_cov_9.54192 	2
NODE_9363_length_6088_cov_12.4958 	6
NODE_9321_length_6105_cov_11.2185 	6
NODE_9267_length_6130_cov_15.224 	5
NODE_9253_length_6135_cov_23.0942 	3
NODE_9224_length_6143_cov_4.15703 	1
NODE_9204_length_6150_cov_5.16686 	2
NODE_9202_length_6151_cov_4.03379 	3
NODE_9101_length_6189_cov_4.73231 	1
NODE_9052_length_6208_cov_19.1913 	3
NODE_8994_length_6228_cov_3.81225 	1
NODE_8971_length_6235_cov_33.0367 	5
NODE_8960_length_6238_cov_9.84668 	6
NODE_8939_length_6245_cov_16.9688 	3
NODE_8923_length_6249_cov_3.82467 	2
NODE_8790_length_6302_cov_5.16136 	3
NODE_8783_length_6305_cov_9.94992 	6
NODE_8781_length_6305_cov_11.8118 	6
NODE_8777_length_6306_cov_4.93665 	1
NODE_8727_length_6325_cov_3.99027 	3
NODE_8720_length_6328_cov_32.0988 	5
NODE_8712_length_6330_cov_4.66072 	2
NODE_8628_length_6360_cov_4.19715 	2
NODE_8608_length_6371_cov_12.965 	6
NODE_8598_length_6375_cov_4.49652 	2
NODE_8547_length_6399_cov_10.4002 	3
NODE_8540_length_6401_cov_11.4935 	6
NODE_8494_length_6420_cov_4.61681 	4
NODE_8470_length_6428_cov_5.68853 	1
NODE_8465_length_6430_cov_4.67812 	2
NODE_8414_length_6450_cov_12.0611 	3
NODE_8366_length_6470_cov_7.05986 	3
NODE_8356_length_6474_cov_4.48886 	2
NODE_8348_length_6476_cov_4.96262 	4
NODE_8337_length_6483_cov_5.257 	2
NODE_8325_length_6488_cov_16.1645 	3
NODE_8256_length_6514_cov_6.26645 	2
NODE_8254_length_6514_cov_4.24307 	2
NODE_8231_length_6522_cov_4.12169 	2
NODE_8228_length_6523_cov_31.8006 	5
NODE_8212_length_6529_cov_4.47266 	2
NODE_8171_length_6548_cov_5.02711 	3
NODE_8142_length_6558_cov_5.82177 	1
NODE_8127_length_6562_cov_5.60412 	1
NODE_8030_length_6601_cov_14.7478 	3
NODE_8017_length_6607_cov_5.93117 	1
NODE_7932_length_6649_cov_30.3543 	5
NODE_7916_length_6657_cov_3.4747 	1
NODE_7886_length_6666_cov_13.5827 	3
NODE_7878_length_6670_cov_17.155 	3
NODE_7863_length_6679_cov_10.8133 	6
NODE_7840_length_6692_cov_5.91246 	2
NODE_7800_length_6708_cov_4.06884 	2
NODE_7791_length_6712_cov_3.97551 	2
NODE_7750_length_6736_cov_4.62955 	2
NODE_7732_length_6745_cov_7.90673 	2
NODE_7678_length_6773_cov_12.256 	6
NODE_7570_length_6818_cov_6.37439 	1
NODE_7556_length_6823_cov_10.9746 	6
NODE_7536_length_6840_cov_15.4416 	6
NODE_7496_length_6857_cov_10.7386 	6
NODE_7480_length_6864_cov_10.8831 	3
NODE_7420_length_6892_cov_9.11716 	2
NODE_7395_length_6904_cov_4.76099 	4
NODE_7377_length_6913_cov_10.2913 	6
NODE_7353_length_6924_cov_5.15927 	1
NODE_7335_length_6932_cov_14.3392 	3
NODE_7318_length_6937_cov_2.86617 	4
NODE_7313_length_6939_cov_3.89686 	2
NODE_7261_length_6964_cov_13.6926 	3
NODE_7240_length_6973_cov_4.67375 	3
NODE_7224_length_6981_cov_11.5573 	3
NODE_7196_length_6996_cov_15.9398 	3
NODE_7193_length_6997_cov_14.6566 	3
NODE_7138_length_7019_cov_4.21798 	2
NODE_7135_length_7019_cov_5.34348 	1
NODE_7110_length_7033_cov_4.34795 	2
NODE_7106_length_7034_cov_10.4257 	6
NODE_7094_length_7041_cov_15.7877 	3
NODE_7086_length_7045_cov_11.8707 	6
NODE_7082_length_7047_cov_6.90089 	1
NODE_7048_length_7064_cov_29.5767 	5
NODE_7019_length_7076_cov_9.65788 	6
NODE_7015_length_7079_cov_16.9311 	3
NODE_7004_length_7084_cov_15.6662 	3
NODE_6980_length_7098_cov_11.7214 	6
NODE_6977_length_7099_cov_4.95088 	1
NODE_6972_length_7102_cov_10.2331 	6
NODE_6971_length_7102_cov_4.34497 	2
NODE_6960_length_7111_cov_4.85006 	4
NODE_6921_length_7133_cov_11.7348 	6
NODE_6916_length_7134_cov_11.6863 	6
NODE_6911_length_7137_cov_7.04759 	6
NODE_6908_length_7139_cov_3.50734 	2
NODE_6899_length_7148_cov_4.38771 	2
NODE_6893_length_7150_cov_4.73517 	2
NODE_6888_length_7153_cov_30.776 	5
NODE_6859_length_7171_cov_10.7293 	6
NODE_6848_length_7179_cov_4.00028 	2
NODE_6791_length_7211_cov_4.04737 	2
NODE_6767_length_7226_cov_5.53675 	1
NODE_6744_length_7238_cov_4.24628 	2
NODE_6714_length_7252_cov_5.72225 	1
NODE_6707_length_7257_cov_4.67342 	2
NODE_6696_length_7262_cov_12.2394 	3
NODE_6689_length_7269_cov_5.89146 	3
NODE_6675_length_7276_cov_15.9989 	3
NODE_6641_length_7294_cov_12.4767 	6
NODE_6608_length_7311_cov_11.8221 	3
NODE_6603_length_7315_cov_10.4127 	3
NODE_6584_length_7327_cov_3.25426 	2
NODE_6563_length_7341_cov_4.7852 	2
NODE_6546_length_7353_cov_6.46013 	1
NODE_6540_length_7357_cov_6.13873 	2
NODE_6529_length_7361_cov_18.8011 	3
NODE_6514_length_7374_cov_12.6919 	3
NODE_6482_length_7391_cov_10.8187 	6
NODE_6434_length_7421_cov_4.21749 	6
NODE_6415_length_7434_cov_5.37688 	2
NODE_6386_length_7452_cov_18.0757 	3
NODE_6382_length_7454_cov_6.20259 	4
NODE_6372_length_7458_cov_5.30893 	2
NODE_6367_length_7461_cov_13.2984 	6
NODE_6342_length_7475_cov_7.6841 	6
NODE_6311_length_7500_cov_4.03573 	1
NODE_6293_length_7509_cov_4.98041 	2
NODE_6290_length_7510_cov_4.3057 	1
NODE_6279_length_7516_cov_12.3981 	6
NODE_6257_length_7530_cov_4.46943 	4
NODE_6241_length_7537_cov_37.1929 	5
NODE_6222_length_7551_cov_5.87513 	3
NODE_6218_length_7555_cov_10.4536 	6
NODE_6215_length_7556_cov_4.55459 	3
NODE_6213_length_7557_cov_12.0539 	6
NODE_6181_length_7570_cov_16.1665 	3
NODE_6177_length_7572_cov_4.31143 	2
NODE_6174_length_7573_cov_7.72014 	3
NODE_6142_length_7584_cov_14.1744 	3
NODE_6140_length_7584_cov_5.06017 	6
NODE_6098_length_7608_cov_6.43162 	1
NODE_6084_length_7615_cov_4.93479 	2
NODE_6071_length_7623_cov_15.6867 	3
NODE_6059_length_7628_cov_5.87944 	4
NODE_6051_length_7634_cov_8.40071 	3
NODE_6025_length_7642_cov_4.51456 	2
NODE_6026_length_7642_cov_15.9873 	3
NODE_5966_length_7683_cov_5.56175 	3
NODE_5946_length_7692_cov_6.9162 	1
NODE_5898_length_7723_cov_4.60407 	2
NODE_5862_length_7753_cov_4.86347 	4
NODE_5849_length_7762_cov_35.5856 	5
NODE_5836_length_7766_cov_4.32875 	2
NODE_5835_length_7766_cov_4.74595 	2
NODE_5839_length_7766_cov_28.5842 	5
NODE_5813_length_7783_cov_16.7416 	3
NODE_5798_length_7796_cov_4.76657 	3
NODE_5795_length_7799_cov_17.6782 	3
NODE_5761_length_7816_cov_5.08607 	2
NODE_5755_length_7820_cov_5.09427 	3
NODE_5734_length_7831_cov_4.94303 	2
NODE_5722_length_7839_cov_12.3289 	3
NODE_5695_length_7855_cov_5.73385 	2
NODE_5686_length_7857_cov_4.59805 	2
NODE_5649_length_7877_cov_11.5368 	6
NODE_5630_length_7886_cov_6.60937 	1
NODE_5620_length_7891_cov_4.14229 	6
NODE_5600_length_7906_cov_4.31614 	3
NODE_5588_length_7915_cov_4.71349 	3
NODE_5582_length_7918_cov_19.874 	3
NODE_5580_length_7924_cov_18.3107 	3
NODE_5571_length_7929_cov_6.14656 	3
NODE_5554_length_7949_cov_31.6744 	5
NODE_5489_length_7997_cov_28.0038 	5
NODE_5484_length_8000_cov_12.5807 	6
NODE_5468_length_8014_cov_5.45722 	3
NODE_5444_length_8031_cov_4.06056 	2
NODE_5442_length_8034_cov_4.64482 	1
NODE_5407_length_8079_cov_12.3192 	6
NODE_5393_length_8089_cov_35.5759 	5
NODE_5377_length_8096_cov_3.46947 	1
NODE_5341_length_8127_cov_5.52701 	2
NODE_5339_length_8128_cov_4.75313 	1
NODE_5338_length_8129_cov_4.2944 	2
NODE_5332_length_8133_cov_3.86531 	3
NODE_5309_length_8149_cov_4.65048 	2
NODE_5304_length_8155_cov_33.0875 	5
NODE_5297_length_8162_cov_5.925 	1
NODE_5295_length_8163_cov_11.8218 	6
NODE_5272_length_8184_cov_4.68778 	3
NODE_5234_length_8215_cov_9.62059 	6
NODE_5224_length_8223_cov_10.4849 	6
NODE_5190_length_8254_cov_10.8749 	6
NODE_5189_length_8255_cov_11.2906 	6
NODE_5169_length_8270_cov_5.17005 	4
NODE_5166_length_8272_cov_4.58768 	2
NODE_5161_length_8281_cov_10.0838 	6
NODE_5127_length_8313_cov_16.8623 	3
NODE_5072_length_8360_cov_5.32511 	1
NODE_5071_length_8360_cov_5.02071 	3
NODE_5048_length_8379_cov_4.03316 	3
NODE_5044_length_8383_cov_4.62188 	2
NODE_5039_length_8387_cov_4.45223 	2
NODE_5016_length_8407_cov_4.36782 	2
NODE_4997_length_8420_cov_5.33772 	2
NODE_4986_length_8430_cov_12.4445 	3
NODE_4973_length_8440_cov_14.2594 	3
NODE_4931_length_8488_cov_7.843 	1
NODE_4896_length_8515_cov_5.19681 	1
NODE_4889_length_8522_cov_35.3955 	5
NODE_4870_length_8539_cov_5.60337 	4
NODE_4856_length_8552_cov_5.19713 	1
NODE_4817_length_8585_cov_14.2023 	3
NODE_4795_length_8609_cov_4.7379 	4
NODE_4793_length_8610_cov_30.0835 	5
NODE_4791_length_8611_cov_10.7004 	6
NODE_4778_length_8618_cov_9.5971 	6
NODE_4765_length_8631_cov_11.7189 	6
NODE_4761_length_8635_cov_10.7252 	6
NODE_4754_length_8643_cov_35.123 	5
NODE_4729_length_8662_cov_3.60056 	3
NODE_4698_length_8685_cov_5.40394 	2
NODE_4690_length_8695_cov_6.99456 	1
NODE_4689_length_8696_cov_15.5643 	3
NODE_4665_length_8714_cov_4.261 	2
NODE_4658_length_8717_cov_5.64338 	2
NODE_4644_length_8724_cov_4.46314 	4
NODE_4643_length_8724_cov_4.76237 	2
NODE_4637_length_8733_cov_11.6749 	6
NODE_4628_length_8740_cov_5.28486 	2
NODE_4617_length_8749_cov_5.82298 	1
NODE_4597_length_8767_cov_15.117 	3
NODE_4573_length_8781_cov_11.5277 	6
NODE_4571_length_8783_cov_11.8719 	6
NODE_4562_length_8790_cov_17.5208 	3
NODE_4527_length_8832_cov_5.04113 	2
NODE_4510_length_8851_cov_10.6398 	6
NODE_4501_length_8856_cov_20.4723 	3
NODE_4493_length_8866_cov_4.78084 	2
NODE_4489_length_8870_cov_4.32717 	2
NODE_4477_length_8881_cov_6.6073 	4
NODE_4455_length_8900_cov_5.40192 	4
NODE_4422_length_8936_cov_4.77142 	2
NODE_4420_length_8939_cov_4.54975 	2
NODE_4381_length_8990_cov_4.46223 	2
NODE_4376_length_8994_cov_11.8942 	3
NODE_4342_length_9031_cov_5.32865 	4
NODE_4335_length_9035_cov_28.9886 	5
NODE_4310_length_9053_cov_6.63292 	1
NODE_4306_length_9057_cov_5.0371 	4
NODE_4292_length_9074_cov_16.1526 	3
NODE_4287_length_9077_cov_4.19319 	2
NODE_4271_length_9096_cov_10.5303 	3
NODE_4253_length_9116_cov_4.82872 	4
NODE_4239_length_9130_cov_4.9546 	4
NODE_4226_length_9149_cov_11.827 	6
NODE_4218_length_9158_cov_13.15 	6
NODE_4211_length_9169_cov_19.0769 	3
NODE_4176_length_9220_cov_12.8561 	3
NODE_4147_length_9244_cov_4.08717 	3
NODE_4144_length_9251_cov_9.7363 	6
NODE_4142_length_9252_cov_5.147 	4
NODE_4135_length_9265_cov_11.1832 	6
NODE_4096_length_9302_cov_5.95296 	1
NODE_4076_length_9325_cov_12.0265 	3
NODE_4063_length_9342_cov_6.61462 	1
NODE_4026_length_9374_cov_16.1187 	3
NODE_4022_length_9378_cov_5.63048 	3
NODE_4014_length_9384_cov_6.04116 	1
NODE_4013_length_9385_cov_12.1539 	6
NODE_3994_length_9406_cov_4.20126 	3
NODE_3968_length_9431_cov_4.71896 	1
NODE_3905_length_9499_cov_15.988 	3
NODE_3900_length_9503_cov_11.2076 	6
NODE_3893_length_9511_cov_11.3615 	6
NODE_3883_length_9526_cov_10.7201 	6
NODE_3876_length_9534_cov_5.81496 	3
NODE_3874_length_9537_cov_10.7248 	3
NODE_3868_length_9541_cov_4.69186 	2
NODE_3858_length_9556_cov_32.7126 	5
NODE_3857_length_9557_cov_4.48769 	4
NODE_3855_length_9558_cov_16.6689 	3
NODE_3853_length_9562_cov_4.88209 	3
NODE_3802_length_9647_cov_11.832 	3
NODE_3704_length_9777_cov_16.2261 	6
NODE_3658_length_9824_cov_4.58471 	2
NODE_3649_length_9835_cov_5.85675 	6
NODE_3647_length_9836_cov_5.43942 	2
NODE_3609_length_9888_cov_12.0623 	3
NODE_3604_length_9900_cov_6.15521 	2
NODE_3584_length_9939_cov_18.1718 	3
NODE_3560_length_9964_cov_15.3995 	3
NODE_3540_length_9993_cov_31.8159 	5
NODE_3529_length_10003_cov_12.6282 	3
NODE_3522_length_10007_cov_13.9268 	3
NODE_3517_length_10016_cov_11.2329 	6
NODE_3495_length_10041_cov_7.49469 	1
NODE_3473_length_10070_cov_14.0911 	3
NODE_3468_length_10078_cov_5.10426 	2
NODE_3467_length_10079_cov_9.66291 	6
NODE_3432_length_10126_cov_11.6414 	6
NODE_3396_length_10198_cov_3.55092 	3
NODE_3393_length_10202_cov_5.06987 	1
NODE_3378_length_10228_cov_5.93493 	4
NODE_3369_length_10246_cov_4.37415 	2
NODE_3361_length_10258_cov_4.78712 	2
NODE_3358_length_10261_cov_11.8451 	3
NODE_3324_length_10310_cov_4.60273 	4
NODE_3307_length_10337_cov_5.84429 	4
NODE_3295_length_10353_cov_5.37483 	3
NODE_3290_length_10361_cov_5.52581 	2
NODE_3248_length_10420_cov_14.0854 	6
NODE_3242_length_10432_cov_6.30818 	2
NODE_3230_length_10449_cov_11.8935 	6
NODE_3216_length_10478_cov_4.46292 	2
NODE_3193_length_10512_cov_13.2986 	3
NODE_3175_length_10537_cov_6.18937 	1
NODE_3176_length_10537_cov_10.6254 	6
NODE_3166_length_10546_cov_11.1847 	6
NODE_3120_length_10625_cov_13.233 	3
NODE_3118_length_10626_cov_4.43222 	2
NODE_3111_length_10636_cov_14.6363 	3
NODE_3103_length_10658_cov_10.591 	6
NODE_3075_length_10694_cov_4.83532 	2
NODE_3041_length_10742_cov_11.0708 	6
NODE_3030_length_10764_cov_3.83042 	2
NODE_3027_length_10770_cov_9.24293 	6
NODE_3024_length_10782_cov_5.32442 	2
NODE_3022_length_10788_cov_12.2387 	3
NODE_3014_length_10796_cov_11.9061 	6
NODE_3007_length_10808_cov_4.89742 	2
NODE_2974_length_10855_cov_11.564 	6
NODE_2967_length_10863_cov_27.6527 	5
NODE_2951_length_10885_cov_14.3651 	3
NODE_2948_length_10891_cov_4.69121 	2
NODE_2940_length_10903_cov_12.9949 	6
NODE_2928_length_10918_cov_12.2926 	6
NODE_2915_length_10944_cov_13.7675 	6
NODE_2880_length_11008_cov_4.86396 	4
NODE_2879_length_11009_cov_5.34983 	2
NODE_2861_length_11041_cov_5.40142 	2
NODE_2824_length_11094_cov_11.3991 	6
NODE_2810_length_11123_cov_11.0265 	3
NODE_2807_length_11133_cov_12.0685 	6
NODE_2797_length_11144_cov_12.9563 	6
NODE_2791_length_11149_cov_15.5571 	3
NODE_2790_length_11149_cov_17.3361 	3
NODE_2782_length_11170_cov_31.5052 	5
NODE_2779_length_11173_cov_4.82956 	2
NODE_2772_length_11194_cov_7.89039 	1
NODE_2769_length_11198_cov_32.5792 	5
NODE_2754_length_11225_cov_4.64548 	2
NODE_2688_length_11367_cov_15.3206 	3
NODE_2687_length_11370_cov_12.849 	3
NODE_2663_length_11412_cov_12.8376 	6
NODE_2661_length_11417_cov_34.4264 	5
NODE_2645_length_11460_cov_5.29671 	1
NODE_2636_length_11483_cov_29.3605 	5
NODE_2625_length_11509_cov_4.45085 	2
NODE_2603_length_11564_cov_11.0418 	6
NODE_2586_length_11602_cov_5.41509 	1
NODE_2585_length_11605_cov_11.2555 	6
NODE_2581_length_11610_cov_11.0996 	3
NODE_2570_length_11653_cov_10.5077 	6
NODE_2568_length_11658_cov_13.977 	6
NODE_2561_length_11681_cov_11.5698 	6
NODE_2535_length_11732_cov_5.35908 	2
NODE_2519_length_11785_cov_4.389 	2
NODE_2506_length_11827_cov_12.7198 	3
NODE_2503_length_11835_cov_3.74482 	3
NODE_2502_length_11837_cov_33.9345 	5
NODE_2497_length_11853_cov_5.35599 	4
NODE_2488_length_11875_cov_12.6827 	3
NODE_2478_length_11891_cov_18.9992 	5
NODE_2466_length_11920_cov_5.37522 	4
NODE_2462_length_11930_cov_7.11882 	1
NODE_2434_length_11985_cov_3.97527 	3
NODE_2429_length_11994_cov_12.2282 	6
NODE_2424_length_12005_cov_11.0859 	6
NODE_2401_length_12046_cov_11.0163 	6
NODE_2375_length_12126_cov_11.3416 	6
NODE_2358_length_12157_cov_7.42125 	1
NODE_2335_length_12232_cov_31.956 	5
NODE_2329_length_12246_cov_5.26725 	1
NODE_2326_length_12259_cov_10.9132 	6
NODE_2321_length_12268_cov_32.1967 	5
NODE_2283_length_12337_cov_5.3278 	2
NODE_2282_length_12338_cov_6.99332 	1
NODE_2256_length_12399_cov_5.47424 	2
NODE_2247_length_12419_cov_32.6339 	5
NODE_2241_length_12439_cov_9.85845 	6
NODE_2234_length_12448_cov_5.56024 	4
NODE_2229_length_12461_cov_10.6468 	6
NODE_2209_length_12494_cov_3.88793 	2
NODE_2206_length_12500_cov_11.6173 	6
NODE_2198_length_12512_cov_13.0153 	6
NODE_2186_length_12538_cov_12.712 	6
NODE_2185_length_12545_cov_17.7817 	3
NODE_2171_length_12587_cov_4.58993 	2
NODE_2165_length_12605_cov_4.98518 	1
NODE_2148_length_12679_cov_4.62144 	4
NODE_2130_length_12724_cov_3.85903 	3
NODE_2118_length_12751_cov_10.7662 	6
NODE_2113_length_12771_cov_11.7837 	3
NODE_2104_length_12794_cov_34.8582 	5
NODE_2101_length_12808_cov_10.647 	6
NODE_2075_length_12885_cov_4.65464 	2
NODE_2030_length_13025_cov_4.29406 	2
NODE_1999_length_13110_cov_11.587 	6
NODE_1980_length_13197_cov_4.42436 	2
NODE_1969_length_13219_cov_5.7304 	6
NODE_1941_length_13281_cov_29.171 	5
NODE_1931_length_13319_cov_11.8504 	3
NODE_1906_length_13389_cov_4.69552 	1
NODE_1890_length_13434_cov_5.13633 	2
NODE_1874_length_13490_cov_4.69929 	2
NODE_1866_length_13523_cov_16.3856 	3
NODE_1858_length_13557_cov_20.6358 	3
NODE_1822_length_13649_cov_5.23488 	2
NODE_1820_length_13656_cov_41.3226 	5
NODE_1807_length_13689_cov_4.53829 	2
NODE_1794_length_13747_cov_11.3865 	3
NODE_1779_length_13823_cov_13.6654 	3
NODE_1770_length_13868_cov_5.374 	2
NODE_1763_length_13888_cov_14.8715 	3
NODE_1760_length_13908_cov_10.1133 	6
NODE_1758_length_13918_cov_12.7452 	3
NODE_1745_length_13962_cov_11.5761 	6
NODE_1740_length_13985_cov_28.6696 	5
NODE_1737_length_13989_cov_4.2725 	2
NODE_1736_length_13993_cov_5.14787 	4
NODE_1718_length_14064_cov_8.85631 	6
NODE_1696_length_14152_cov_10.6198 	6
NODE_1693_length_14166_cov_10.8652 	6
NODE_1675_length_14254_cov_15.8292 	3
NODE_1672_length_14275_cov_5.0493 	2
NODE_1641_length_14394_cov_5.29451 	2
NODE_1633_length_14414_cov_10.4841 	6
NODE_1615_length_14481_cov_5.41612 	4
NODE_1596_length_14558_cov_4.95732 	3
NODE_1595_length_14563_cov_5.30873 	2
NODE_1589_length_14574_cov_10.6266 	3
NODE_1583_length_14595_cov_12.561 	6
NODE_1568_length_14669_cov_4.86102 	2
NODE_1551_length_14750_cov_13.0942 	3
NODE_1543_length_14783_cov_37.2319 	5
NODE_1542_length_14785_cov_29.6119 	5
NODE_1537_length_14812_cov_12.7266 	6
NODE_1536_length_14817_cov_5.59335 	1
NODE_1524_length_14868_cov_31.3145 	5
NODE_1515_length_14900_cov_6.22721 	2
NODE_1463_length_15105_cov_5.05176 	2
NODE_1427_length_15221_cov_5.26599 	2
NODE_1418_length_15269_cov_10.9614 	6
NODE_1415_length_15276_cov_4.44879 	2
NODE_1414_length_15286_cov_11.8219 	6
NODE_1395_length_15370_cov_4.5554 	2
NODE_1394_length_15377_cov_5.97089 	2
NODE_1389_length_15392_cov_13.3612 	3
NODE_1385_length_15401_cov_17.8996 	3
NODE_1381_length_15406_cov_33.3222 	5
NODE_1372_length_15442_cov_12.9284 	6
NODE_1369_length_15458_cov_13.0456 	6
NODE_1366_length_15464_cov_30.2935 	5
NODE_1340_length_15560_cov_15.1027 	3
NODE_1294_length_15793_cov_11.2981 	6
NODE_1275_length_15906_cov_11.4593 	6
NODE_1192_length_16346_cov_12.4561 	3
NODE_1168_length_16486_cov_9.59589 	6
NODE_1145_length_16582_cov_11.4061 	6
NODE_1132_length_16679_cov_34.0401 	5
NODE_1129_length_16716_cov_11.4974 	3
NODE_1111_length_16816_cov_32.5902 	5
NODE_1108_length_16831_cov_29.1623 	5
NODE_1098_length_16895_cov_5.49228 	1
NODE_1093_length_16909_cov_4.4628 	2
NODE_1082_length_17002_cov_5.74467 	2
NODE_1070_length_17054_cov_4.40238 	2
NODE_1055_length_17139_cov_4.88012 	2
NODE_1033_length_17253_cov_10.507 	6
NODE_1018_length_17354_cov_13.0854 	6
NODE_1002_length_17451_cov_14.5103 	6
NODE_988_length_17519_cov_11.9254 	3
NODE_983_length_17583_cov_11.9481 	6
NODE_967_length_17680_cov_6.39813 	1
NODE_943_length_17860_cov_5.07211 	2
NODE_941_length_17882_cov_10.9952 	6
NODE_872_length_18435_cov_32.5106 	5
NODE_851_length_18554_cov_11.34 	6
NODE_846_length_18603_cov_28.5862 	5
NODE_840_length_18655_cov_12.6696 	3
NODE_831_length_18757_cov_21.0849 	5
NODE_830_length_18772_cov_11.0029 	6
NODE_822_length_18837_cov_10.5704 	6
NODE_811_length_18923_cov_13.0019 	6
NODE_777_length_19277_cov_13.7481 	3
NODE_757_length_19527_cov_11.1649 	6
NODE_753_length_19584_cov_37.3024 	5
NODE_752_length_19594_cov_11.8345 	6
NODE_734_length_19804_cov_6.04537 	1
NODE_729_length_19924_cov_34.242 	5
NODE_724_length_20016_cov_35.96 	5
NODE_679_length_20592_cov_13.7697 	6
NODE_660_length_20710_cov_14.159 	3
NODE_638_length_20995_cov_18.2531 	3
NODE_627_length_21140_cov_35.2463 	5
NODE_593_length_21495_cov_5.7577 	1
NODE_584_length_21740_cov_11.6534 	6
NODE_572_length_21919_cov_30.3089 	5
NODE_561_length_22069_cov_30.8706 	5
NODE_535_length_22695_cov_12.9384 	6
NODE_523_length_22885_cov_10.5276 	6
NODE_519_length_22979_cov_26.064 	6
NODE_493_length_23668_cov_13.2668 	6
NODE_482_length_23804_cov_5.17866 	2
NODE_475_length_23946_cov_34.4738 	5
NODE_474_length_23948_cov_31.9717 	5
NODE_419_length_25076_cov_29.3929 	5
NODE_417_length_25105_cov_11.2003 	6
NODE_392_length_25668_cov_34.0231 	5
NODE_390_length_25719_cov_30.667 	5
NODE_378_length_26102_cov_29.6523 	5
NODE_353_length_26717_cov_29.6736 	5
NODE_352_length_26723_cov_13.0619 	3
NODE_350_length_26735_cov_12.0093 	6
NODE_339_length_27093_cov_12.0456 	6
NODE_330_length_27323_cov_10.8184 	6
NODE_322_length_27491_cov_11.0976 	6
NODE_317_length_27638_cov_27.4732 	5
NODE_274_length_29370_cov_29.827 	5
NODE_267_length_29605_cov_31.1448 	5
NODE_264_length_29822_cov_27.9587 	5
NODE_234_length_31050_cov_27.9559 	5
NODE_213_length_32359_cov_12.3324 	6
NODE_183_length_34124_cov_28.647 	5
NODE_169_length_35498_cov_31.2075 	5
NODE_148_length_37457_cov_10.429 	6
NODE_133_length_39415_cov_46.2762 	5
NODE_86_length_46221_cov_33.4315 	5
NODE_47_length_56327_cov_29.4117 	5
NODE_37_length_57827_cov_29.7497 	5
NODE_20_length_65769_cov_30.7555 	5
NODE_9_length_84917_cov_28.9365 	5
NODE_6_length_87234_cov_23.2941 	5
