NODE_55256_length_2003_cov_2.90349 	4
NODE_55156_length_2006_cov_4.26602 	1
NODE_55081_length_2008_cov_2.56733 	2
NODE_54982_length_2011_cov_3.51943 	1
NODE_54975_length_2011_cov_3.86452 	2
NODE_54920_length_2013_cov_15.5858 	3
NODE_54898_length_2013_cov_3.56895 	4
NODE_54841_length_2015_cov_2.36786 	1
NODE_54804_length_2016_cov_2.95003 	1
NODE_54817_length_2016_cov_14.4136 	3
NODE_54748_length_2017_cov_4.00815 	4
NODE_54453_length_2025_cov_5.05838 	4
NODE_54422_length_2026_cov_13.5769 	3
NODE_54338_length_2028_cov_12.7871 	3
NODE_54163_length_2032_cov_2.85938 	4
NODE_54142_length_2033_cov_8.07634 	2
NODE_54060_length_2035_cov_22.0293 	0
NODE_54018_length_2037_cov_3.58577 	2
NODE_54005_length_2037_cov_4.31483 	0
NODE_53909_length_2039_cov_1.99597 	4
NODE_53749_length_2044_cov_5.16189 	2
NODE_53746_length_2044_cov_14.1961 	3
NODE_53678_length_2046_cov_3.57308 	0
NODE_53551_length_2049_cov_5.01153 	4
NODE_53564_length_2049_cov_16.4228 	3
NODE_53529_length_2050_cov_8.67268 	1
NODE_53538_length_2050_cov_14.9539 	3
NODE_53460_length_2051_cov_2.9479 	1
NODE_53440_length_2052_cov_19.5343 	3
NODE_53242_length_2057_cov_2.48551 	0
NODE_53197_length_2058_cov_3.5996 	2
NODE_53026_length_2063_cov_3.3257 	3
NODE_52963_length_2065_cov_3.84378 	1
NODE_52941_length_2066_cov_5.93038 	1
NODE_52837_length_2069_cov_18.9434 	0
NODE_52646_length_2075_cov_3.12178 	0
NODE_52500_length_2079_cov_3.28409 	4
NODE_52429_length_2081_cov_3.42596 	2
NODE_52448_length_2081_cov_17.6876 	3
NODE_52325_length_2084_cov_2.8206 	1
NODE_52326_length_2084_cov_3.70379 	4
NODE_52233_length_2087_cov_3.2126 	0
NODE_52092_length_2091_cov_3.34578 	1
NODE_52081_length_2091_cov_12.6208 	3
NODE_52050_length_2092_cov_3.85911 	3
NODE_52016_length_2093_cov_2.82287 	1
NODE_51865_length_2097_cov_2.79383 	1
NODE_51841_length_2098_cov_4.11796 	4
NODE_51797_length_2099_cov_2.67466 	0
NODE_51791_length_2100_cov_17.3648 	3
NODE_51703_length_2102_cov_2.77088 	4
NODE_51604_length_2105_cov_3.56537 	4
NODE_51564_length_2106_cov_12.7562 	3
NODE_51569_length_2106_cov_2.68211 	1
NODE_51576_length_2106_cov_8.18284 	3
NODE_51454_length_2109_cov_16.2722 	3
NODE_51382_length_2112_cov_18.6753 	3
NODE_51367_length_2112_cov_3.42829 	0
NODE_51272_length_2115_cov_3.43883 	2
NODE_51220_length_2117_cov_14.5805 	3
NODE_51184_length_2118_cov_6.18856 	2
NODE_50925_length_2126_cov_2.89184 	4
NODE_50895_length_2127_cov_5.64141 	2
NODE_50821_length_2129_cov_4.83703 	2
NODE_50684_length_2133_cov_2.79355 	4
NODE_50600_length_2135_cov_15.5279 	3
NODE_50530_length_2137_cov_11.1407 	3
NODE_50508_length_2138_cov_19.1877 	3
NODE_50396_length_2141_cov_22.6874 	0
NODE_50347_length_2142_cov_4.17729 	4
NODE_50344_length_2142_cov_3.36368 	2
NODE_50187_length_2147_cov_3.2457 	1
NODE_50152_length_2148_cov_12.7831 	3
NODE_50161_length_2148_cov_13.7253 	3
NODE_50077_length_2150_cov_2.95704 	4
NODE_50093_length_2150_cov_22.179 	3
NODE_50081_length_2150_cov_2.84821 	0
NODE_50079_length_2150_cov_3.1136 	1
NODE_49978_length_2153_cov_4.74786 	4
NODE_49923_length_2155_cov_11.3186 	2
NODE_49863_length_2156_cov_19.03 	0
NODE_49870_length_2156_cov_2.40695 	0
NODE_49548_length_2165_cov_3.89336 	1
NODE_49528_length_2166_cov_4.02605 	2
NODE_49358_length_2171_cov_3.25331 	1
NODE_49237_length_2175_cov_3.15613 	4
NODE_49134_length_2178_cov_2.11964 	0
NODE_48695_length_2191_cov_5.9485 	2
NODE_48707_length_2191_cov_9.45599 	0
NODE_48703_length_2191_cov_7.30384 	1
NODE_48631_length_2193_cov_2.60571 	1
NODE_48446_length_2199_cov_2.79897 	0
NODE_48384_length_2201_cov_5.55918 	2
NODE_48397_length_2201_cov_2.57502 	1
NODE_48339_length_2203_cov_21.4553 	3
NODE_48186_length_2208_cov_13.9893 	3
NODE_47792_length_2221_cov_16.9183 	3
NODE_47771_length_2222_cov_10.0475 	3
NODE_47710_length_2223_cov_2.67574 	0
NODE_47630_length_2226_cov_3.655 	2
NODE_47606_length_2227_cov_5.42449 	2
NODE_47517_length_2230_cov_6.50207 	1
NODE_47459_length_2232_cov_12.6339 	3
NODE_47335_length_2236_cov_13.8757 	3
NODE_47289_length_2238_cov_5.3312 	1
NODE_47275_length_2238_cov_5.08887 	4
NODE_47269_length_2239_cov_11.5206 	3
NODE_47256_length_2239_cov_2.74817 	4
NODE_47202_length_2241_cov_13.5274 	3
NODE_46945_length_2250_cov_2.1139 	0
NODE_46915_length_2251_cov_3.76138 	2
NODE_46672_length_2259_cov_4.58076 	3
NODE_46524_length_2264_cov_2.06383 	4
NODE_46448_length_2267_cov_3.46745 	4
NODE_46220_length_2275_cov_2.43514 	2
NODE_46219_length_2275_cov_3.38108 	1
NODE_46197_length_2276_cov_14.8289 	0
NODE_46085_length_2279_cov_6.79541 	2
NODE_46038_length_2281_cov_5.52965 	1
NODE_45971_length_2283_cov_2.90889 	4
NODE_45955_length_2284_cov_6.52624 	3
NODE_45947_length_2284_cov_17.5671 	3
NODE_45927_length_2285_cov_2.88296 	4
NODE_45620_length_2295_cov_5.36562 	4
NODE_45624_length_2295_cov_6.6183 	3
NODE_45504_length_2299_cov_3.24911 	2
NODE_45491_length_2300_cov_4.49532 	0
NODE_45436_length_2302_cov_2.97018 	1
NODE_45353_length_2305_cov_10.8822 	3
NODE_45325_length_2306_cov_4.05509 	2
NODE_45302_length_2307_cov_5.22202 	3
NODE_45256_length_2309_cov_4.66548 	2
NODE_45204_length_2311_cov_5.32934 	2
NODE_45040_length_2316_cov_3.45245 	1
NODE_45048_length_2316_cov_6.64042 	1
NODE_44991_length_2319_cov_26.9704 	3
NODE_44975_length_2319_cov_2.88295 	2
NODE_44945_length_2320_cov_5.87152 	2
NODE_44862_length_2323_cov_3.21032 	1
NODE_44738_length_2328_cov_6.48658 	1
NODE_44596_length_2333_cov_5.91264 	1
NODE_44572_length_2334_cov_4.25713 	1
NODE_44549_length_2335_cov_13.3175 	3
NODE_44508_length_2336_cov_2.62473 	1
NODE_44496_length_2337_cov_5.22656 	1
NODE_44455_length_2339_cov_5.23643 	2
NODE_44306_length_2344_cov_2.46527 	4
NODE_44321_length_2344_cov_6.10223 	1
NODE_44291_length_2345_cov_27.3175 	0
NODE_44198_length_2349_cov_4.04446 	2
NODE_44027_length_2355_cov_3.00609 	1
NODE_43992_length_2356_cov_2.44068 	4
NODE_44004_length_2356_cov_4.91917 	1
NODE_43987_length_2356_cov_5.92221 	4
NODE_43926_length_2358_cov_2.95267 	4
NODE_43853_length_2361_cov_4.54597 	2
NODE_43835_length_2362_cov_11.2718 	3
NODE_43783_length_2364_cov_2.79255 	2
NODE_43763_length_2365_cov_4.47446 	4
NODE_43762_length_2365_cov_4.30996 	4
NODE_43732_length_2366_cov_3.11121 	1
NODE_43585_length_2372_cov_16.6202 	3
NODE_43477_length_2375_cov_3.61509 	4
NODE_43474_length_2376_cov_22.6868 	0
NODE_43442_length_2377_cov_15.6072 	3
NODE_43367_length_2380_cov_14.3376 	3
NODE_43312_length_2381_cov_2.35297 	4
NODE_43316_length_2381_cov_4.37102 	2
NODE_43298_length_2382_cov_21.4469 	3
NODE_43118_length_2389_cov_5.9533 	1
NODE_43082_length_2391_cov_6.77911 	1
NODE_43087_length_2391_cov_10.6259 	3
NODE_42727_length_2405_cov_3.85277 	2
NODE_42619_length_2409_cov_9.75106 	3
NODE_42587_length_2410_cov_19.4977 	0
NODE_42601_length_2410_cov_14.2739 	3
NODE_42596_length_2410_cov_20.2726 	3
NODE_42576_length_2410_cov_3.53588 	1
NODE_42347_length_2419_cov_2.64721 	4
NODE_42134_length_2427_cov_2.65852 	1
NODE_42069_length_2430_cov_14.1903 	3
NODE_41959_length_2434_cov_8.06978 	0
NODE_41913_length_2436_cov_3.62537 	2
NODE_41889_length_2438_cov_21.1297 	3
NODE_41856_length_2439_cov_5.02223 	1
NODE_41765_length_2442_cov_5.45036 	1
NODE_41746_length_2443_cov_18.474 	3
NODE_41721_length_2444_cov_19.9447 	3
NODE_41637_length_2447_cov_6.11037 	4
NODE_41603_length_2448_cov_3.73381 	2
NODE_41578_length_2449_cov_4.25021 	4
NODE_41565_length_2450_cov_15.3787 	0
NODE_41416_length_2456_cov_2.84965 	1
NODE_41347_length_2459_cov_3.04576 	1
NODE_41315_length_2460_cov_4.04241 	2
NODE_41149_length_2467_cov_2.89221 	2
NODE_40972_length_2474_cov_4.50186 	4
NODE_40898_length_2477_cov_4.48101 	4
NODE_40793_length_2481_cov_3.55812 	2
NODE_40770_length_2482_cov_3.72476 	1
NODE_40738_length_2483_cov_5.05025 	2
NODE_40716_length_2484_cov_14.247 	0
NODE_40649_length_2486_cov_11.2106 	0
NODE_40626_length_2487_cov_2.37007 	1
NODE_40532_length_2491_cov_4.08908 	2
NODE_40506_length_2492_cov_5.18465 	1
NODE_40271_length_2502_cov_3.46996 	2
NODE_40229_length_2504_cov_11.9914 	2
NODE_40216_length_2505_cov_4.88327 	3
NODE_40162_length_2508_cov_10.3592 	3
NODE_40129_length_2509_cov_11.3875 	3
NODE_39947_length_2516_cov_4.28972 	3
NODE_39918_length_2517_cov_3.98294 	3
NODE_39782_length_2523_cov_3.57131 	1
NODE_39796_length_2523_cov_3.98541 	3
NODE_39695_length_2527_cov_11.8819 	3
NODE_39615_length_2530_cov_3.59515 	1
NODE_39598_length_2531_cov_16.3199 	0
NODE_39565_length_2532_cov_3.98426 	4
NODE_39553_length_2532_cov_5.76544 	0
NODE_39458_length_2536_cov_3.98871 	1
NODE_39199_length_2547_cov_9.44823 	3
NODE_39178_length_2548_cov_4.18572 	2
NODE_39078_length_2552_cov_6.98638 	1
NODE_39061_length_2553_cov_4.34588 	2
NODE_38981_length_2556_cov_3.36186 	2
NODE_38937_length_2558_cov_4.4207 	3
NODE_38887_length_2561_cov_15.5954 	3
NODE_38878_length_2561_cov_3.52913 	3
NODE_38824_length_2564_cov_15.9366 	0
NODE_38790_length_2565_cov_3.86534 	4
NODE_38703_length_2569_cov_4.31384 	2
NODE_38681_length_2570_cov_3.0338 	1
NODE_38585_length_2575_cov_6.69603 	1
NODE_38566_length_2576_cov_13.4173 	3
NODE_38545_length_2577_cov_5.1927 	3
NODE_38546_length_2577_cov_17.23 	3
NODE_38529_length_2578_cov_5.99802 	3
NODE_38513_length_2579_cov_12.523 	3
NODE_38459_length_2581_cov_4.98694 	2
NODE_38414_length_2584_cov_18.1095 	3
NODE_38356_length_2586_cov_4.51877 	3
NODE_38333_length_2587_cov_4.67773 	4
NODE_38310_length_2588_cov_11.5519 	3
NODE_38289_length_2589_cov_3.15075 	2
NODE_38253_length_2590_cov_4.69507 	3
NODE_38251_length_2590_cov_4.70848 	4
NODE_38224_length_2591_cov_2.91325 	1
NODE_38237_length_2591_cov_19.4341 	3
NODE_38186_length_2592_cov_2.27 	2
NODE_38123_length_2595_cov_2.37323 	1
NODE_38108_length_2596_cov_3.3904 	2
NODE_38090_length_2597_cov_4.70771 	2
NODE_38042_length_2599_cov_3.29992 	2
NODE_38032_length_2600_cov_4.79882 	3
NODE_38013_length_2601_cov_4.14415 	3
NODE_37990_length_2602_cov_15.8013 	3
NODE_37921_length_2605_cov_5.42118 	3
NODE_37852_length_2609_cov_15.4558 	3
NODE_37797_length_2611_cov_4.30047 	2
NODE_37774_length_2612_cov_2.71294 	4
NODE_37564_length_2621_cov_2.41777 	2
NODE_37516_length_2624_cov_15.5543 	3
NODE_37500_length_2625_cov_17.1914 	3
NODE_37494_length_2625_cov_5.42763 	0
NODE_37497_length_2625_cov_2.807 	0
NODE_37397_length_2630_cov_3.52971 	2
NODE_37380_length_2631_cov_4.21933 	2
NODE_37303_length_2634_cov_8.07057 	1
NODE_37312_length_2634_cov_15.6239 	0
NODE_37204_length_2639_cov_21.93 	3
NODE_37203_length_2639_cov_17.666 	3
NODE_37177_length_2640_cov_4.60503 	4
NODE_37070_length_2645_cov_3.19498 	1
NODE_37054_length_2646_cov_5.02277 	2
NODE_36966_length_2650_cov_5.53141 	2
NODE_36957_length_2650_cov_3.90674 	3
NODE_36964_length_2650_cov_4.29942 	1
NODE_36942_length_2651_cov_8.45455 	1
NODE_36888_length_2653_cov_3.12779 	3
NODE_36750_length_2660_cov_22.757 	3
NODE_36708_length_2661_cov_3.01535 	4
NODE_36700_length_2662_cov_17.4791 	3
NODE_36650_length_2664_cov_3.63434 	0
NODE_36605_length_2666_cov_4.31176 	2
NODE_36612_length_2666_cov_14.6308 	3
NODE_36589_length_2667_cov_3.17994 	1
NODE_36511_length_2671_cov_14.7603 	0
NODE_36472_length_2672_cov_4.52694 	0
NODE_36470_length_2672_cov_3.05655 	1
NODE_36407_length_2675_cov_6.46679 	2
NODE_36395_length_2676_cov_5.88249 	1
NODE_36375_length_2677_cov_4.61594 	3
NODE_36240_length_2683_cov_3.64992 	1
NODE_36184_length_2685_cov_5.5251 	2
NODE_36138_length_2687_cov_4.77584 	2
NODE_36121_length_2688_cov_2.93961 	1
NODE_36124_length_2688_cov_16.4816 	3
NODE_36031_length_2693_cov_9.91357 	3
NODE_36036_length_2693_cov_5.28089 	3
NODE_35965_length_2696_cov_4.88944 	4
NODE_35915_length_2699_cov_6.48865 	2
NODE_35895_length_2700_cov_4.97656 	2
NODE_35897_length_2700_cov_3.69792 	0
NODE_35880_length_2701_cov_3.03364 	3
NODE_35843_length_2703_cov_14.0279 	3
NODE_35796_length_2705_cov_11.9019 	3
NODE_35739_length_2708_cov_3.56879 	3
NODE_35715_length_2709_cov_7.54748 	0
NODE_35625_length_2713_cov_7.05681 	1
NODE_35602_length_2715_cov_11.2534 	3
NODE_35556_length_2718_cov_4.30792 	3
NODE_35554_length_2718_cov_4.19865 	2
NODE_35482_length_2722_cov_5.24672 	1
NODE_35426_length_2724_cov_17.4121 	3
NODE_35446_length_2724_cov_15.5717 	3
NODE_35393_length_2726_cov_5.845 	2
NODE_35391_length_2726_cov_4.15275 	2
NODE_35345_length_2728_cov_2.96259 	4
NODE_35250_length_2733_cov_3.77819 	0
NODE_35247_length_2733_cov_4.4944 	3
NODE_35243_length_2734_cov_26.3386 	3
NODE_35170_length_2738_cov_3.78233 	2
NODE_35140_length_2740_cov_16.0209 	2
NODE_34875_length_2753_cov_3.78317 	2
NODE_34849_length_2754_cov_3.68655 	3
NODE_34819_length_2755_cov_3.40481 	3
NODE_34779_length_2758_cov_16.3222 	3
NODE_34737_length_2760_cov_5.59852 	1
NODE_34734_length_2760_cov_3.01368 	1
NODE_34712_length_2761_cov_4.60569 	4
NODE_34684_length_2762_cov_3.25083 	3
NODE_34546_length_2769_cov_2.57664 	0
NODE_34527_length_2770_cov_4.55801 	1
NODE_34526_length_2770_cov_2.83425 	0
NODE_34534_length_2770_cov_20.8114 	3
NODE_34478_length_2773_cov_4.94739 	2
NODE_34370_length_2779_cov_4.79075 	1
NODE_34314_length_2783_cov_2.38673 	2
NODE_34257_length_2785_cov_2.61172 	0
NODE_34259_length_2785_cov_5.93407 	3
NODE_34255_length_2786_cov_16.383 	0
NODE_34252_length_2786_cov_5.46833 	2
NODE_34181_length_2790_cov_15.3371 	3
NODE_34167_length_2791_cov_8.1652 	1
NODE_34096_length_2795_cov_7.71277 	1
NODE_34011_length_2800_cov_5.06302 	2
NODE_34019_length_2800_cov_5.88452 	1
NODE_33949_length_2803_cov_3.42067 	3
NODE_33893_length_2806_cov_2.90185 	1
NODE_33803_length_2811_cov_5.5508 	1
NODE_33802_length_2811_cov_4.67271 	1
NODE_33745_length_2814_cov_5.42769 	3
NODE_33739_length_2815_cov_27.6391 	0
NODE_33691_length_2818_cov_4.45566 	4
NODE_33661_length_2819_cov_3.8788 	2
NODE_33667_length_2819_cov_10.915 	3
NODE_33634_length_2821_cov_14.6135 	3
NODE_33593_length_2823_cov_3.74892 	3
NODE_33580_length_2824_cov_9.56771 	3
NODE_33528_length_2826_cov_2.62468 	1
NODE_33477_length_2829_cov_3.03785 	1
NODE_33453_length_2830_cov_3.40505 	4
NODE_33428_length_2832_cov_4.88549 	3
NODE_33418_length_2833_cov_4.4424 	3
NODE_33393_length_2834_cov_12.1875 	3
NODE_33362_length_2836_cov_3.68429 	3
NODE_33363_length_2836_cov_4.11435 	3
NODE_33332_length_2838_cov_3.2217 	1
NODE_33319_length_2839_cov_9.11674 	3
NODE_33298_length_2840_cov_3.07648 	0
NODE_33289_length_2841_cov_4.40057 	3
NODE_33278_length_2841_cov_4.39734 	0
NODE_33222_length_2844_cov_3.63177 	3
NODE_33218_length_2845_cov_15.1287 	3
NODE_33203_length_2846_cov_5.40631 	1
NODE_33127_length_2850_cov_2.79642 	4
NODE_33105_length_2851_cov_3.77539 	3
NODE_33106_length_2851_cov_2.95994 	1
NODE_33090_length_2852_cov_4.36718 	3
NODE_33072_length_2853_cov_2.93495 	4
NODE_32970_length_2859_cov_3.54494 	3
NODE_32977_length_2859_cov_4.17689 	3
NODE_32960_length_2860_cov_4.41889 	3
NODE_32951_length_2861_cov_2.969 	3
NODE_32878_length_2865_cov_3.18541 	0
NODE_32744_length_2872_cov_9.21406 	3
NODE_32745_length_2872_cov_5.44799 	4
NODE_32758_length_2872_cov_14.6812 	3
NODE_32731_length_2873_cov_4.20795 	0
NODE_32729_length_2873_cov_3.77679 	2
NODE_32724_length_2874_cov_14.8471 	3
NODE_32705_length_2875_cov_5.04574 	2
NODE_32629_length_2879_cov_10.5205 	3
NODE_32622_length_2880_cov_5.97381 	3
NODE_32617_length_2880_cov_7.01841 	1
NODE_32451_length_2890_cov_4.22046 	1
NODE_32350_length_2895_cov_3.00423 	1
NODE_32281_length_2900_cov_5.49877 	1
NODE_32280_length_2900_cov_15.361 	3
NODE_32263_length_2901_cov_19.3271 	0
NODE_32253_length_2901_cov_5.60014 	3
NODE_32181_length_2906_cov_5.32094 	2
NODE_32110_length_2910_cov_7.26585 	1
NODE_32008_length_2917_cov_2.57792 	2
NODE_32016_length_2917_cov_6.39099 	1
NODE_32007_length_2917_cov_14.7082 	3
NODE_32002_length_2918_cov_20.2159 	0
NODE_31991_length_2918_cov_4.02096 	1
NODE_31880_length_2925_cov_13.6157 	3
NODE_31851_length_2927_cov_3.03238 	3
NODE_31805_length_2931_cov_4.35466 	1
NODE_31758_length_2934_cov_3.75582 	1
NODE_31695_length_2938_cov_3.46792 	3
NODE_31673_length_2940_cov_8.12998 	3
NODE_31628_length_2943_cov_4.90235 	3
NODE_31554_length_2948_cov_3.30626 	3
NODE_31514_length_2950_cov_5.70466 	2
NODE_31501_length_2951_cov_13.5376 	3
NODE_31414_length_2956_cov_4.79249 	3
NODE_31369_length_2959_cov_5.65083 	3
NODE_31363_length_2959_cov_4.47796 	3
NODE_31341_length_2960_cov_3.75938 	2
NODE_31323_length_2961_cov_3.9095 	3
NODE_31266_length_2965_cov_7.52371 	1
NODE_31262_length_2965_cov_5.30309 	2
NODE_31188_length_2970_cov_3.56913 	3
NODE_31148_length_2973_cov_5.97498 	1
NODE_31106_length_2976_cov_2.45669 	2
NODE_31037_length_2980_cov_3.7347 	3
NODE_30998_length_2982_cov_4.6423 	2
NODE_30935_length_2986_cov_4.36813 	2
NODE_30900_length_2988_cov_2.53802 	1
NODE_30721_length_3000_cov_2.48285 	4
NODE_30674_length_3003_cov_3.61533 	4
NODE_30593_length_3008_cov_4.55401 	4
NODE_30563_length_3010_cov_5.90626 	1
NODE_30549_length_3011_cov_4.01894 	3
NODE_30555_length_3011_cov_13.9327 	3
NODE_30498_length_3014_cov_8.79621 	3
NODE_30455_length_3017_cov_3.48717 	0
NODE_30424_length_3020_cov_4.1457 	2
NODE_30410_length_3021_cov_13.2967 	3
NODE_30382_length_3023_cov_5.35512 	3
NODE_30311_length_3029_cov_5.64526 	3
NODE_30297_length_3030_cov_16.0598 	0
NODE_30207_length_3035_cov_14.0238 	3
NODE_30145_length_3038_cov_4.47603 	2
NODE_30049_length_3045_cov_3.79465 	4
NODE_30041_length_3045_cov_3.1689 	0
NODE_30030_length_3046_cov_5.06486 	3
NODE_29966_length_3050_cov_6.85042 	3
NODE_29845_length_3057_cov_4.50999 	2
NODE_29851_length_3057_cov_5.06696 	1
NODE_29829_length_3058_cov_5.38129 	2
NODE_29781_length_3062_cov_8.6445 	3
NODE_29744_length_3064_cov_4.48754 	0
NODE_29753_length_3064_cov_5.36092 	2
NODE_29706_length_3067_cov_14.826 	3
NODE_29532_length_3080_cov_4.76595 	2
NODE_29489_length_3083_cov_4.5644 	3
NODE_29434_length_3087_cov_4.25462 	3
NODE_29393_length_3089_cov_3.52044 	0
NODE_29381_length_3090_cov_19.7585 	3
NODE_29365_length_3091_cov_15.5122 	0
NODE_29331_length_3094_cov_18.182 	0
NODE_29322_length_3094_cov_4.37019 	2
NODE_29292_length_3096_cov_3.63104 	3
NODE_29289_length_3097_cov_15.027 	3
NODE_29233_length_3101_cov_3.39035 	2
NODE_29236_length_3101_cov_4.87722 	3
NODE_29222_length_3102_cov_2.84706 	1
NODE_29210_length_3104_cov_23.0495 	3
NODE_28999_length_3118_cov_10.6611 	3
NODE_28976_length_3119_cov_4.70757 	2
NODE_28938_length_3122_cov_18.762 	3
NODE_28859_length_3127_cov_4.15527 	1
NODE_28836_length_3128_cov_3.77611 	2
NODE_28815_length_3130_cov_14.8163 	3
NODE_28751_length_3134_cov_4.0669 	1
NODE_28713_length_3137_cov_6.93835 	3
NODE_28647_length_3142_cov_14.2365 	3
NODE_28627_length_3143_cov_4.52979 	4
NODE_28587_length_3146_cov_5.6438 	2
NODE_28586_length_3146_cov_5.76415 	3
NODE_28490_length_3153_cov_5.43383 	3
NODE_28466_length_3155_cov_18.9087 	3
NODE_28412_length_3159_cov_5.36179 	2
NODE_28357_length_3163_cov_4.57432 	3
NODE_28355_length_3163_cov_5.20946 	4
NODE_28203_length_3176_cov_12.2586 	3
NODE_28160_length_3179_cov_2.79641 	3
NODE_28129_length_3181_cov_3.31894 	3
NODE_28051_length_3188_cov_10.3086 	3
NODE_27945_length_3195_cov_4.07197 	0
NODE_27906_length_3198_cov_23.0738 	3
NODE_27844_length_3203_cov_26.0867 	0
NODE_27819_length_3205_cov_6.35937 	1
NODE_27674_length_3216_cov_2.87377 	4
NODE_27648_length_3218_cov_4.84161 	3
NODE_27608_length_3221_cov_4.70215 	2
NODE_27577_length_3223_cov_3.4517 	4
NODE_27527_length_3227_cov_3.61255 	2
NODE_27515_length_3228_cov_3.98771 	4
NODE_27502_length_3229_cov_3.95211 	3
NODE_27478_length_3231_cov_3.84131 	3
NODE_27366_length_3240_cov_13.9152 	3
NODE_27260_length_3247_cov_3.71429 	3
NODE_27247_length_3248_cov_5.71782 	3
NODE_27238_length_3249_cov_14.6293 	0
NODE_27164_length_3255_cov_5.12906 	4
NODE_27131_length_3258_cov_23.4402 	3
NODE_27081_length_3261_cov_3.21616 	1
NODE_27054_length_3264_cov_7.41228 	1
NODE_26979_length_3270_cov_4.22488 	2
NODE_26956_length_3271_cov_4.0597 	2
NODE_26949_length_3271_cov_4.00808 	3
NODE_26936_length_3272_cov_3.31458 	0
NODE_26889_length_3276_cov_7.28656 	1
NODE_26883_length_3276_cov_3.07016 	1
NODE_26856_length_3278_cov_3.90537 	2
NODE_26682_length_3290_cov_4.42628 	3
NODE_26660_length_3292_cov_4.1316 	2
NODE_26625_length_3294_cov_3.27231 	3
NODE_26594_length_3297_cov_3.45898 	3
NODE_26550_length_3301_cov_2.77788 	0
NODE_26559_length_3301_cov_3.62477 	1
NODE_26536_length_3303_cov_4.65856 	1
NODE_26527_length_3304_cov_3.46599 	2
NODE_26471_length_3308_cov_4.73901 	1
NODE_26445_length_3310_cov_4.70108 	2
NODE_26431_length_3311_cov_8.0344 	1
NODE_26404_length_3314_cov_4.41608 	3
NODE_26362_length_3316_cov_15.1708 	3
NODE_26288_length_3321_cov_16.181 	3
NODE_26269_length_3322_cov_3 	4
NODE_26241_length_3324_cov_4.96513 	2
NODE_26169_length_3330_cov_5.67786 	3
NODE_26154_length_3332_cov_5.47879 	3
NODE_26115_length_3336_cov_5.84761 	3
NODE_26105_length_3337_cov_15.7112 	3
NODE_26055_length_3341_cov_10.3938 	3
NODE_26058_length_3341_cov_15.4747 	3
NODE_26001_length_3347_cov_10.4304 	0
NODE_25973_length_3350_cov_3.84522 	1
NODE_25668_length_3376_cov_2.46341 	4
NODE_25640_length_3379_cov_5.09988 	1
NODE_25634_length_3380_cov_14.7353 	3
NODE_25600_length_3383_cov_4.04237 	4
NODE_25559_length_3386_cov_13.9189 	3
NODE_25505_length_3389_cov_2.71656 	4
NODE_25490_length_3391_cov_12.9784 	3
NODE_25489_length_3391_cov_4.66217 	3
NODE_25470_length_3392_cov_3.28229 	2
NODE_25457_length_3393_cov_15.4248 	3
NODE_25436_length_3394_cov_3.48877 	0
NODE_25326_length_3404_cov_13.7208 	3
NODE_25277_length_3408_cov_2.99851 	0
NODE_25232_length_3412_cov_5.50372 	1
NODE_25219_length_3413_cov_11.4083 	3
NODE_25190_length_3416_cov_16.2074 	3
NODE_25189_length_3416_cov_16.0574 	3
NODE_25175_length_3417_cov_5.88816 	0
NODE_25093_length_3424_cov_22.3553 	3
NODE_25026_length_3429_cov_5.46236 	1
NODE_25016_length_3430_cov_12.88 	3
NODE_24957_length_3434_cov_15.1708 	3
NODE_24870_length_3443_cov_4.69481 	1
NODE_24859_length_3444_cov_5.24993 	2
NODE_24839_length_3446_cov_4.05249 	2
NODE_24781_length_3451_cov_3.74706 	2
NODE_24733_length_3455_cov_8.57147 	1
NODE_24710_length_3457_cov_5.60347 	1
NODE_24591_length_3467_cov_5.32181 	2
NODE_24491_length_3476_cov_3.40631 	2
NODE_24481_length_3478_cov_20.9953 	3
NODE_24468_length_3479_cov_9.74007 	3
NODE_24302_length_3495_cov_5.51424 	1
NODE_24265_length_3498_cov_12.9495 	0
NODE_24190_length_3505_cov_4.71652 	3
NODE_24130_length_3511_cov_30.9227 	5
NODE_24085_length_3514_cov_2.5571 	3
NODE_24053_length_3518_cov_13.6298 	3
NODE_24039_length_3519_cov_5.4668 	3
NODE_23999_length_3523_cov_4.53201 	4
NODE_23986_length_3525_cov_6.72334 	3
NODE_23918_length_3532_cov_22.9304 	3
NODE_23892_length_3534_cov_6.70969 	1
NODE_23882_length_3535_cov_12.577 	3
NODE_23853_length_3539_cov_15.2844 	3
NODE_23791_length_3545_cov_13.9049 	3
NODE_23783_length_3546_cov_5.17846 	1
NODE_23763_length_3547_cov_4.24914 	2
NODE_23741_length_3549_cov_4.29021 	1
NODE_23718_length_3551_cov_4.75601 	1
NODE_23653_length_3557_cov_31.07 	5
NODE_23622_length_3560_cov_3.96234 	1
NODE_23497_length_3572_cov_3.35599 	1
NODE_23459_length_3576_cov_3.3837 	2
NODE_23451_length_3577_cov_3.01618 	1
NODE_23410_length_3581_cov_6.77226 	3
NODE_23317_length_3590_cov_5.01386 	2
NODE_23186_length_3601_cov_3.54258 	1
NODE_23172_length_3602_cov_4.98534 	1
NODE_23173_length_3602_cov_6.89851 	3
NODE_23105_length_3609_cov_7.54192 	3
NODE_23085_length_3612_cov_3.76891 	3
NODE_23047_length_3615_cov_4.83764 	2
NODE_22941_length_3625_cov_5.91793 	2
NODE_22900_length_3629_cov_5.02294 	0
NODE_22847_length_3634_cov_5.06594 	2
NODE_22828_length_3636_cov_17.6817 	3
NODE_22783_length_3639_cov_2.31669 	2
NODE_22777_length_3639_cov_3.91406 	1
NODE_22759_length_3641_cov_3.38873 	4
NODE_22720_length_3644_cov_2.54834 	1
NODE_22687_length_3647_cov_3.65674 	2
NODE_22686_length_3647_cov_13.468 	0
NODE_22683_length_3648_cov_12.808 	3
NODE_22661_length_3650_cov_11.9232 	3
NODE_22611_length_3654_cov_4.21423 	2
NODE_22615_length_3654_cov_7.44485 	1
NODE_22602_length_3655_cov_4.25722 	3
NODE_22571_length_3659_cov_4.92037 	0
NODE_22498_length_3665_cov_6.06814 	3
NODE_22471_length_3667_cov_2.50443 	4
NODE_22459_length_3668_cov_3.58096 	2
NODE_22381_length_3677_cov_5.46908 	2
NODE_22368_length_3679_cov_21.4506 	0
NODE_22323_length_3683_cov_5.94763 	1
NODE_22276_length_3688_cov_5.85494 	3
NODE_22278_length_3688_cov_4.1134 	3
NODE_22226_length_3694_cov_7.72437 	3
NODE_22212_length_3695_cov_2.66456 	1
NODE_22125_length_3703_cov_13.8166 	3
NODE_22106_length_3704_cov_6.73965 	1
NODE_22053_length_3710_cov_3.44186 	0
NODE_22004_length_3716_cov_2.72467 	1
NODE_21927_length_3723_cov_5.63113 	1
NODE_21878_length_3727_cov_2.686 	0
NODE_21871_length_3728_cov_5.89328 	4
NODE_21804_length_3734_cov_14.3194 	3
NODE_21766_length_3738_cov_13.051 	0
NODE_21705_length_3746_cov_20.5844 	3
NODE_21626_length_3752_cov_4.95537 	3
NODE_21607_length_3753_cov_4.15279 	3
NODE_21567_length_3756_cov_3.67198 	4
NODE_21548_length_3758_cov_12.0429 	3
NODE_21508_length_3761_cov_5.75391 	3
NODE_21445_length_3769_cov_4.70194 	2
NODE_21425_length_3772_cov_4.17353 	2
NODE_21346_length_3782_cov_7.0212 	1
NODE_21301_length_3786_cov_5.42187 	1
NODE_21305_length_3786_cov_6.57652 	1
NODE_21284_length_3788_cov_6.58237 	3
NODE_21267_length_3790_cov_3.69558 	3
NODE_21243_length_3792_cov_3.49746 	0
NODE_21238_length_3793_cov_4.04468 	4
NODE_21233_length_3793_cov_3.59417 	2
NODE_21199_length_3798_cov_12.3519 	3
NODE_21198_length_3798_cov_4.80631 	0
NODE_21175_length_3800_cov_4.23418 	4
NODE_21177_length_3800_cov_2.6227 	4
NODE_21057_length_3815_cov_6.77314 	2
NODE_21042_length_3817_cov_4.63876 	1
NODE_21012_length_3821_cov_5.05815 	1
NODE_20947_length_3829_cov_4.04425 	4
NODE_20941_length_3829_cov_3.81902 	1
NODE_20904_length_3831_cov_17.4966 	3
NODE_20878_length_3834_cov_22.1479 	3
NODE_20817_length_3842_cov_4.53314 	2
NODE_20787_length_3846_cov_6.48747 	1
NODE_20765_length_3848_cov_2.84761 	4
NODE_20715_length_3854_cov_4.57489 	2
NODE_20707_length_3855_cov_4.58842 	4
NODE_20680_length_3857_cov_2.5747 	1
NODE_20644_length_3861_cov_5.94325 	2
NODE_20620_length_3865_cov_6.48635 	1
NODE_20604_length_3866_cov_4.07767 	2
NODE_20567_length_3871_cov_7.40409 	1
NODE_20529_length_3875_cov_1.9678 	2
NODE_20531_length_3875_cov_14.2825 	3
NODE_20508_length_3877_cov_2.42308 	0
NODE_20477_length_3881_cov_5.58651 	3
NODE_20428_length_3886_cov_4.21718 	1
NODE_20420_length_3886_cov_4.85435 	4
NODE_20414_length_3887_cov_4.09264 	4
NODE_20341_length_3894_cov_4.54077 	2
NODE_20339_length_3895_cov_12.8359 	3
NODE_20311_length_3898_cov_5.39084 	1
NODE_20309_length_3898_cov_3.67265 	1
NODE_20281_length_3902_cov_2.94801 	1
NODE_20208_length_3910_cov_3.06615 	3
NODE_20137_length_3920_cov_3.22768 	1
NODE_20099_length_3924_cov_5.00465 	3
NODE_20065_length_3927_cov_14.1878 	3
NODE_20039_length_3931_cov_14.1086 	3
NODE_20029_length_3932_cov_14.2938 	3
NODE_20021_length_3933_cov_14.7099 	0
NODE_20023_length_3933_cov_3.377 	1
NODE_20006_length_3936_cov_8.19196 	3
NODE_19907_length_3948_cov_3.96121 	1
NODE_19811_length_3957_cov_8.98539 	3
NODE_19788_length_3960_cov_4.29424 	1
NODE_19790_length_3960_cov_15.054 	3
NODE_19763_length_3963_cov_4.14227 	2
NODE_19742_length_3966_cov_17.1519 	0
NODE_19623_length_3979_cov_3.93043 	1
NODE_19544_length_3988_cov_11.0015 	3
NODE_19543_length_3988_cov_4.50343 	2
NODE_19539_length_3988_cov_4.03153 	2
NODE_19531_length_3989_cov_4.06533 	2
NODE_19456_length_3999_cov_14.8233 	3
NODE_19370_length_4009_cov_13.0481 	3
NODE_19314_length_4016_cov_5.74804 	2
NODE_19315_length_4016_cov_4.51906 	2
NODE_19298_length_4017_cov_3.6055 	1
NODE_19282_length_4020_cov_5.55082 	2
NODE_19278_length_4021_cov_15.0454 	3
NODE_19151_length_4036_cov_3.32504 	4
NODE_19147_length_4036_cov_13.0831 	3
NODE_19141_length_4037_cov_3.75088 	3
NODE_19127_length_4038_cov_10.3723 	3
NODE_19088_length_4042_cov_8.49009 	1
NODE_19000_length_4053_cov_3.94422 	3
NODE_18955_length_4059_cov_4.02448 	2
NODE_18938_length_4061_cov_3.65901 	3
NODE_18907_length_4065_cov_18.7596 	3
NODE_18818_length_4078_cov_6.1479 	1
NODE_18819_length_4078_cov_4.81979 	3
NODE_18811_length_4078_cov_3.02585 	4
NODE_18667_length_4097_cov_4.32781 	3
NODE_18660_length_4098_cov_21.3166 	3
NODE_18649_length_4099_cov_20.6909 	3
NODE_18643_length_4099_cov_12.1449 	3
NODE_18633_length_4101_cov_11.5917 	3
NODE_18608_length_4104_cov_3.99111 	2
NODE_18601_length_4105_cov_3.79284 	2
NODE_18575_length_4108_cov_4.11029 	3
NODE_18556_length_4111_cov_4.06188 	2
NODE_18551_length_4112_cov_3.48854 	1
NODE_18527_length_4116_cov_9.18813 	1
NODE_18497_length_4120_cov_5.76728 	2
NODE_18499_length_4120_cov_6.43444 	1
NODE_18493_length_4121_cov_4.22405 	4
NODE_18485_length_4122_cov_4.08458 	3
NODE_18482_length_4123_cov_21.8019 	3
NODE_18441_length_4128_cov_5.44193 	1
NODE_18407_length_4132_cov_3.71523 	2
NODE_18275_length_4153_cov_6.59736 	3
NODE_18108_length_4175_cov_3.05146 	3
NODE_18109_length_4175_cov_5.40218 	3
NODE_18086_length_4179_cov_12.7871 	3
NODE_18055_length_4183_cov_10.3159 	6
NODE_18041_length_4185_cov_3.73293 	2
NODE_18033_length_4186_cov_12.3389 	3
NODE_18012_length_4189_cov_4.72932 	4
NODE_17947_length_4199_cov_4.80792 	3
NODE_17942_length_4200_cov_4.29385 	0
NODE_17842_length_4216_cov_4.33117 	3
NODE_17783_length_4223_cov_4.65331 	2
NODE_17775_length_4224_cov_16.988 	3
NODE_17744_length_4229_cov_4.31624 	4
NODE_17703_length_4236_cov_5.51112 	2
NODE_17696_length_4237_cov_17.1777 	3
NODE_17678_length_4240_cov_12.8464 	3
NODE_17448_length_4275_cov_4.65782 	2
NODE_17396_length_4283_cov_3.39144 	3
NODE_17400_length_4283_cov_6.45293 	1
NODE_17365_length_4288_cov_9.37798 	3
NODE_17345_length_4292_cov_6.58084 	1
NODE_17235_length_4309_cov_4.34814 	3
NODE_17234_length_4309_cov_28.4039 	5
NODE_17187_length_4316_cov_9.23492 	0
NODE_17185_length_4316_cov_3.92842 	3
NODE_17163_length_4321_cov_2.78411 	4
NODE_17146_length_4325_cov_2.97986 	4
NODE_17104_length_4331_cov_2.69691 	0
NODE_17077_length_4335_cov_3.97383 	3
NODE_17072_length_4336_cov_12.1046 	3
NODE_17011_length_4344_cov_4.79785 	3
NODE_16996_length_4346_cov_4.86926 	1
NODE_16982_length_4348_cov_3.28651 	0
NODE_16983_length_4348_cov_10.843 	3
NODE_16961_length_4352_cov_5.06214 	1
NODE_16951_length_4353_cov_4.3704 	2
NODE_16936_length_4356_cov_4.42548 	3
NODE_16910_length_4360_cov_3.92544 	3
NODE_16894_length_4364_cov_30.7942 	5
NODE_16868_length_4367_cov_20.1739 	3
NODE_16845_length_4370_cov_4.35829 	4
NODE_16838_length_4372_cov_16.6016 	0
NODE_16829_length_4373_cov_4.78254 	3
NODE_16823_length_4374_cov_11.3144 	3
NODE_16822_length_4374_cov_4.58856 	3
NODE_16753_length_4385_cov_16.1182 	3
NODE_16652_length_4402_cov_16.0851 	3
NODE_16629_length_4406_cov_2.79062 	2
NODE_16589_length_4411_cov_4.42309 	4
NODE_16585_length_4412_cov_6.38857 	1
NODE_16527_length_4420_cov_5.38236 	3
NODE_16513_length_4422_cov_13.5299 	3
NODE_16479_length_4427_cov_13.1327 	3
NODE_16445_length_4433_cov_5.94267 	1
NODE_16393_length_4442_cov_13.6102 	3
NODE_16378_length_4445_cov_13.8374 	3
NODE_16367_length_4446_cov_3.93851 	2
NODE_16343_length_4450_cov_4.80364 	2
NODE_16279_length_4458_cov_4.66477 	1
NODE_16236_length_4465_cov_5.99977 	1
NODE_16202_length_4469_cov_13.9021 	3
NODE_16187_length_4473_cov_6.70779 	1
NODE_16150_length_4478_cov_15.5318 	3
NODE_16136_length_4479_cov_4.03458 	3
NODE_16128_length_4481_cov_16.5653 	3
NODE_16113_length_4483_cov_7.53094 	1
NODE_16108_length_4484_cov_21.9408 	3
NODE_16094_length_4486_cov_10.8276 	3
NODE_16097_length_4486_cov_32.2719 	5
NODE_16074_length_4489_cov_3.27424 	1
NODE_16076_length_4489_cov_4.84596 	1
NODE_15981_length_4505_cov_4.68899 	4
NODE_15977_length_4506_cov_4.3206 	4
NODE_15955_length_4509_cov_9.1026 	6
NODE_15953_length_4510_cov_5.24355 	3
NODE_15896_length_4520_cov_13.0132 	3
NODE_15845_length_4530_cov_3.77229 	3
NODE_15802_length_4538_cov_15.1372 	3
NODE_15767_length_4544_cov_3.69102 	2
NODE_15754_length_4546_cov_10.4436 	6
NODE_15725_length_4552_cov_18.123 	3
NODE_15669_length_4560_cov_17.4819 	3
NODE_15649_length_4563_cov_15.8283 	3
NODE_15487_length_4589_cov_7.28341 	6
NODE_15418_length_4600_cov_7.02794 	1
NODE_15398_length_4604_cov_14.7054 	3
NODE_15370_length_4609_cov_10.6748 	3
NODE_15368_length_4609_cov_6.18357 	2
NODE_15302_length_4620_cov_4.63286 	1
NODE_15292_length_4621_cov_7.96671 	3
NODE_15245_length_4630_cov_7.49246 	6
NODE_15202_length_4639_cov_5.37282 	3
NODE_15185_length_4642_cov_3.51428 	1
NODE_15140_length_4651_cov_5.77415 	3
NODE_15096_length_4659_cov_17.866 	3
NODE_15074_length_4661_cov_3.77399 	3
NODE_15057_length_4665_cov_3.75662 	3
NODE_15043_length_4668_cov_4.783 	2
NODE_14967_length_4680_cov_13.5596 	3
NODE_14944_length_4683_cov_4.46975 	2
NODE_14913_length_4688_cov_3.07317 	1
NODE_14892_length_4692_cov_3.73108 	4
NODE_14881_length_4693_cov_5.17766 	0
NODE_14876_length_4694_cov_4.14098 	2
NODE_14867_length_4696_cov_3.86231 	4
NODE_14847_length_4699_cov_4.45586 	2
NODE_14848_length_4699_cov_5.01314 	2
NODE_14821_length_4704_cov_2.87417 	1
NODE_14745_length_4717_cov_20.4492 	3
NODE_14716_length_4722_cov_4.87037 	3
NODE_14705_length_4724_cov_6.64875 	4
NODE_14689_length_4727_cov_36.2896 	5
NODE_14684_length_4727_cov_11.402 	3
NODE_14664_length_4731_cov_13.1854 	3
NODE_14635_length_4740_cov_16.3586 	0
NODE_14619_length_4743_cov_4.38737 	1
NODE_14589_length_4748_cov_10.5425 	3
NODE_14587_length_4748_cov_4.84338 	2
NODE_14580_length_4749_cov_4.0392 	3
NODE_14567_length_4752_cov_16.7134 	3
NODE_14562_length_4753_cov_12.3203 	3
NODE_14495_length_4765_cov_5.7535 	1
NODE_14481_length_4767_cov_2.97156 	1
NODE_14450_length_4773_cov_4.18631 	3
NODE_14411_length_4779_cov_3.64606 	3
NODE_14390_length_4783_cov_5.39679 	3
NODE_14336_length_4794_cov_5.23402 	3
NODE_14324_length_4796_cov_5.80742 	3
NODE_14279_length_4805_cov_3.70842 	4
NODE_14276_length_4806_cov_18.2138 	3
NODE_14230_length_4814_cov_18.8172 	3
NODE_14213_length_4817_cov_6.96052 	1
NODE_14194_length_4820_cov_4.58972 	2
NODE_14190_length_4821_cov_18.7396 	3
NODE_14079_length_4842_cov_21.2402 	0
NODE_14060_length_4845_cov_11.4693 	6
NODE_14032_length_4849_cov_4.89508 	1
NODE_14026_length_4850_cov_5.34724 	2
NODE_13972_length_4859_cov_28.8693 	5
NODE_13963_length_4861_cov_4.41074 	2
NODE_13936_length_4866_cov_5.67096 	3
NODE_13933_length_4867_cov_5.05362 	1
NODE_13911_length_4871_cov_4.72571 	0
NODE_13880_length_4878_cov_15.1333 	3
NODE_13865_length_4880_cov_3.82446 	2
NODE_13849_length_4882_cov_5.64056 	4
NODE_13817_length_4888_cov_4.4432 	2
NODE_13785_length_4895_cov_4.42314 	3
NODE_13775_length_4897_cov_3.03408 	1
NODE_13777_length_4897_cov_6.27014 	3
NODE_13771_length_4898_cov_14.9853 	3
NODE_13721_length_4907_cov_5.48042 	4
NODE_13695_length_4911_cov_4.45778 	2
NODE_13672_length_4918_cov_4.37076 	2
NODE_13665_length_4920_cov_12.0327 	6
NODE_13650_length_4922_cov_7.91412 	3
NODE_13596_length_4934_cov_13.3597 	6
NODE_13588_length_4935_cov_4.81209 	2
NODE_13558_length_4941_cov_4.19218 	2
NODE_13502_length_4954_cov_4.2923 	6
NODE_13498_length_4957_cov_4.62036 	3
NODE_13491_length_4958_cov_5.06975 	0
NODE_13472_length_4964_cov_4.45243 	2
NODE_13465_length_4966_cov_3.48259 	4
NODE_13451_length_4969_cov_3.81909 	2
NODE_13378_length_4987_cov_9.61192 	3
NODE_13303_length_5007_cov_4.84511 	4
NODE_13211_length_5033_cov_5.2049 	2
NODE_13198_length_5035_cov_4.88454 	2
NODE_13188_length_5037_cov_6.74709 	1
NODE_13189_length_5037_cov_6.6666 	1
NODE_13137_length_5048_cov_4.41859 	2
NODE_13107_length_5055_cov_22.2896 	3
NODE_13087_length_5059_cov_4.74061 	2
NODE_12953_length_5088_cov_3.20187 	0
NODE_12884_length_5101_cov_4.81352 	3
NODE_12856_length_5107_cov_3.55305 	0
NODE_12846_length_5109_cov_11.4543 	3
NODE_12836_length_5112_cov_5.85604 	3
NODE_12786_length_5123_cov_4.40706 	4
NODE_12751_length_5133_cov_4.26881 	2
NODE_12754_length_5133_cov_4.57523 	1
NODE_12742_length_5135_cov_14.689 	1
NODE_12732_length_5137_cov_5.32979 	3
NODE_12718_length_5140_cov_4.04562 	2
NODE_12652_length_5156_cov_8.00569 	3
NODE_12622_length_5163_cov_3.22944 	0
NODE_12565_length_5175_cov_4.28945 	3
NODE_12566_length_5175_cov_11.5156 	6
NODE_12532_length_5181_cov_27.7318 	5
NODE_12512_length_5187_cov_13.6479 	3
NODE_12443_length_5205_cov_31.1984 	5
NODE_12426_length_5209_cov_10.0479 	3
NODE_12412_length_5213_cov_14.0508 	0
NODE_12398_length_5217_cov_6.90198 	6
NODE_12312_length_5235_cov_4.85541 	3
NODE_12304_length_5236_cov_11.8052 	3
NODE_12207_length_5261_cov_5.47445 	2
NODE_12156_length_5271_cov_3.18175 	4
NODE_12151_length_5273_cov_4.05194 	3
NODE_12062_length_5298_cov_18.7955 	3
NODE_12059_length_5298_cov_12.1493 	3
NODE_12046_length_5301_cov_6.17232 	1
NODE_12026_length_5306_cov_11.7393 	3
NODE_12018_length_5309_cov_31.7785 	5
NODE_12013_length_5311_cov_12.7148 	3
NODE_11992_length_5315_cov_7.09487 	1
NODE_11986_length_5319_cov_4.30338 	1
NODE_11968_length_5324_cov_3.99393 	3
NODE_11955_length_5327_cov_5.03187 	4
NODE_11948_length_5329_cov_8.85552 	6
NODE_11950_length_5329_cov_30.985 	5
NODE_11905_length_5341_cov_5.04086 	4
NODE_11900_length_5342_cov_11.4572 	3
NODE_11890_length_5344_cov_9.79108 	6
NODE_11885_length_5346_cov_4.81478 	1
NODE_11873_length_5348_cov_4.11317 	2
NODE_11839_length_5356_cov_4.13016 	3
NODE_11835_length_5357_cov_4.13485 	2
NODE_11797_length_5367_cov_12.9629 	3
NODE_11774_length_5372_cov_4.92834 	2
NODE_11711_length_5388_cov_3.79655 	1
NODE_11694_length_5393_cov_18.4873 	0
NODE_11625_length_5411_cov_5.12957 	6
NODE_11597_length_5416_cov_6.00877 	4
NODE_11590_length_5417_cov_4.31686 	4
NODE_11570_length_5422_cov_29.4887 	5
NODE_11548_length_5427_cov_12.2692 	3
NODE_11530_length_5432_cov_4.0225 	1
NODE_11460_length_5456_cov_4.91187 	2
NODE_11387_length_5474_cov_19.5429 	3
NODE_11345_length_5485_cov_4.04291 	3
NODE_11337_length_5488_cov_9.53433 	6
NODE_11330_length_5490_cov_19.7408 	3
NODE_11271_length_5504_cov_4.57423 	2
NODE_11254_length_5512_cov_4.95419 	2
NODE_11202_length_5526_cov_32.2753 	5
NODE_11087_length_5558_cov_7.21897 	1
NODE_11072_length_5562_cov_6.1035 	2
NODE_11024_length_5574_cov_5.99203 	1
NODE_11003_length_5580_cov_9.70805 	6
NODE_10996_length_5582_cov_10.9464 	6
NODE_10982_length_5586_cov_13.1974 	6
NODE_10944_length_5595_cov_4.92599 	2
NODE_10900_length_5608_cov_19.1351 	3
NODE_10885_length_5611_cov_3.06228 	5
NODE_10879_length_5612_cov_5.48066 	2
NODE_10844_length_5618_cov_2.94805 	1
NODE_10773_length_5640_cov_3.9615 	2
NODE_10765_length_5643_cov_15.6752 	3
NODE_10751_length_5647_cov_11.9941 	3
NODE_10731_length_5654_cov_30.3352 	5
NODE_10726_length_5655_cov_4.46875 	2
NODE_10718_length_5658_cov_31.8456 	5
NODE_10685_length_5668_cov_22.1078 	3
NODE_10660_length_5677_cov_9.15777 	6
NODE_10661_length_5677_cov_14.0724 	3
NODE_10638_length_5685_cov_5.92682 	2
NODE_10596_length_5698_cov_4.93337 	2
NODE_10589_length_5703_cov_16.4657 	3
NODE_10579_length_5707_cov_5.10067 	0
NODE_10576_length_5708_cov_18.1604 	3
NODE_10567_length_5709_cov_12.0566 	3
NODE_10559_length_5711_cov_5.78377 	2
NODE_10538_length_5716_cov_5.22629 	2
NODE_10484_length_5731_cov_6.85465 	1
NODE_10393_length_5761_cov_34.3486 	5
NODE_10373_length_5766_cov_3.01033 	1
NODE_10338_length_5777_cov_4.91472 	2
NODE_10334_length_5778_cov_3.89464 	3
NODE_10305_length_5788_cov_3.75144 	0
NODE_10255_length_5804_cov_11.3966 	3
NODE_10240_length_5808_cov_5.40779 	4
NODE_10214_length_5817_cov_13.9209 	3
NODE_10049_length_5862_cov_5.68555 	1
NODE_10041_length_5864_cov_12.1735 	3
NODE_10025_length_5869_cov_4.98125 	2
NODE_10021_length_5870_cov_4.17816 	2
NODE_9997_length_5879_cov_4.5819 	3
NODE_9979_length_5886_cov_12.5056 	6
NODE_9977_length_5887_cov_18.6385 	3
NODE_9957_length_5894_cov_7.32865 	1
NODE_9891_length_5912_cov_6.18491 	1
NODE_9854_length_5925_cov_4.18637 	0
NODE_9841_length_5929_cov_4.70582 	4
NODE_9825_length_5936_cov_14.5633 	3
NODE_9805_length_5940_cov_4.30535 	1
NODE_9763_length_5952_cov_4.54027 	3
NODE_9724_length_5966_cov_4.52157 	4
NODE_9689_length_5975_cov_3.09916 	1
NODE_9685_length_5976_cov_4.05117 	2
NODE_9671_length_5979_cov_4.45628 	3
NODE_9667_length_5980_cov_3.94582 	2
NODE_9668_length_5980_cov_5.3865 	4
NODE_9645_length_5989_cov_6.75261 	1
NODE_9636_length_5990_cov_3.77304 	2
NODE_9558_length_6015_cov_15.5861 	3
NODE_9538_length_6021_cov_4.04123 	3
NODE_9532_length_6024_cov_3.78489 	3
NODE_9512_length_6029_cov_4.19953 	2
NODE_9511_length_6031_cov_10.7974 	6
NODE_9491_length_6039_cov_10.9114 	6
NODE_9467_length_6046_cov_6.4213 	1
NODE_9414_length_6070_cov_4.50324 	2
NODE_9405_length_6072_cov_4.3894 	2
NODE_9387_length_6078_cov_9.54192 	2
NODE_9363_length_6088_cov_12.4958 	6
NODE_9321_length_6105_cov_11.2185 	6
NODE_9267_length_6130_cov_15.224 	5
NODE_9253_length_6135_cov_23.0942 	0
NODE_9224_length_6143_cov_4.15703 	1
NODE_9204_length_6150_cov_5.16686 	2
NODE_9202_length_6151_cov_4.03379 	3
NODE_9101_length_6189_cov_4.73231 	1
NODE_9052_length_6208_cov_19.1913 	3
NODE_8994_length_6228_cov_3.81225 	1
NODE_8971_length_6235_cov_33.0367 	5
NODE_8960_length_6238_cov_9.84668 	6
NODE_8939_length_6245_cov_16.9688 	0
NODE_8923_length_6249_cov_3.82467 	2
NODE_8790_length_6302_cov_5.16136 	3
NODE_8783_length_6305_cov_9.94992 	6
NODE_8781_length_6305_cov_11.8118 	6
NODE_8777_length_6306_cov_4.93665 	1
NODE_8727_length_6325_cov_3.99027 	3
NODE_8720_length_6328_cov_32.0988 	5
NODE_8712_length_6330_cov_4.66072 	2
NODE_8628_length_6360_cov_4.19715 	2
NODE_8608_length_6371_cov_12.965 	6
NODE_8598_length_6375_cov_4.49652 	2
NODE_8547_length_6399_cov_10.4002 	3
NODE_8540_length_6401_cov_11.4935 	6
NODE_8494_length_6420_cov_4.61681 	4
NODE_8470_length_6428_cov_5.68853 	1
NODE_8465_length_6430_cov_4.67812 	2
NODE_8414_length_6450_cov_12.0611 	3
NODE_8366_length_6470_cov_7.05986 	3
NODE_8356_length_6474_cov_4.48886 	2
NODE_8348_length_6476_cov_4.96262 	4
NODE_8337_length_6483_cov_5.257 	2
NODE_8325_length_6488_cov_16.1645 	0
NODE_8256_length_6514_cov_6.26645 	2
NODE_8254_length_6514_cov_4.24307 	2
NODE_8231_length_6522_cov_4.12169 	2
NODE_8228_length_6523_cov_31.8006 	5
NODE_8212_length_6529_cov_4.47266 	2
NODE_8171_length_6548_cov_5.02711 	3
NODE_8142_length_6558_cov_5.82177 	1
NODE_8127_length_6562_cov_5.60412 	1
NODE_8030_length_6601_cov_14.7478 	3
NODE_8017_length_6607_cov_5.93117 	1
NODE_7932_length_6649_cov_30.3543 	5
NODE_7916_length_6657_cov_3.4747 	1
NODE_7886_length_6666_cov_13.5827 	3
NODE_7878_length_6670_cov_17.155 	3
NODE_7863_length_6679_cov_10.8133 	6
NODE_7840_length_6692_cov_5.91246 	2
NODE_7800_length_6708_cov_4.06884 	2
NODE_7791_length_6712_cov_3.97551 	2
NODE_7750_length_6736_cov_4.62955 	2
NODE_7732_length_6745_cov_7.90673 	2
NODE_7678_length_6773_cov_12.256 	6
NODE_7570_length_6818_cov_6.37439 	1
NODE_7556_length_6823_cov_10.9746 	6
NODE_7536_length_6840_cov_15.4416 	6
NODE_7496_length_6857_cov_10.7386 	6
NODE_7480_length_6864_cov_10.8831 	3
NODE_7420_length_6892_cov_9.11716 	0
NODE_7395_length_6904_cov_4.76099 	4
NODE_7377_length_6913_cov_10.2913 	6
NODE_7353_length_6924_cov_5.15927 	1
NODE_7335_length_6932_cov_14.3392 	3
NODE_7318_length_6937_cov_2.86617 	4
NODE_7313_length_6939_cov_3.89686 	2
NODE_7261_length_6964_cov_13.6926 	3
NODE_7240_length_6973_cov_4.67375 	3
NODE_7224_length_6981_cov_11.5573 	3
NODE_7196_length_6996_cov_15.9398 	3
NODE_7193_length_6997_cov_14.6566 	3
NODE_7138_length_7019_cov_4.21798 	2
NODE_7135_length_7019_cov_5.34348 	1
NODE_7110_length_7033_cov_4.34795 	2
NODE_7106_length_7034_cov_10.4257 	6
NODE_7094_length_7041_cov_15.7877 	3
NODE_7086_length_7045_cov_11.8707 	6
NODE_7082_length_7047_cov_6.90089 	1
NODE_7048_length_7064_cov_29.5767 	5
NODE_7019_length_7076_cov_9.65788 	6
NODE_7015_length_7079_cov_16.9311 	0
NODE_7004_length_7084_cov_15.6662 	3
NODE_6980_length_7098_cov_11.7214 	6
NODE_6977_length_7099_cov_4.95088 	1
NODE_6972_length_7102_cov_10.2331 	6
NODE_6971_length_7102_cov_4.34497 	2
NODE_6960_length_7111_cov_4.85006 	0
NODE_6921_length_7133_cov_11.7348 	6
NODE_6916_length_7134_cov_11.6863 	6
NODE_6911_length_7137_cov_7.04759 	6
NODE_6908_length_7139_cov_3.50734 	2
NODE_6899_length_7148_cov_4.38771 	2
NODE_6893_length_7150_cov_4.73517 	2
NODE_6888_length_7153_cov_30.776 	5
NODE_6859_length_7171_cov_10.7293 	6
NODE_6848_length_7179_cov_4.00028 	2
NODE_6791_length_7211_cov_4.04737 	2
NODE_6767_length_7226_cov_5.53675 	1
NODE_6744_length_7238_cov_4.24628 	2
NODE_6714_length_7252_cov_5.72225 	1
NODE_6707_length_7257_cov_4.67342 	2
NODE_6696_length_7262_cov_12.2394 	3
NODE_6689_length_7269_cov_5.89146 	3
NODE_6675_length_7276_cov_15.9989 	3
NODE_6641_length_7294_cov_12.4767 	6
NODE_6608_length_7311_cov_11.8221 	3
NODE_6603_length_7315_cov_10.4127 	3
NODE_6584_length_7327_cov_3.25426 	2
NODE_6563_length_7341_cov_4.7852 	2
NODE_6546_length_7353_cov_6.46013 	1
NODE_6540_length_7357_cov_6.13873 	2
NODE_6529_length_7361_cov_18.8011 	3
NODE_6514_length_7374_cov_12.6919 	3
NODE_6482_length_7391_cov_10.8187 	6
NODE_6434_length_7421_cov_4.21749 	6
NODE_6415_length_7434_cov_5.37688 	2
NODE_6386_length_7452_cov_18.0757 	3
NODE_6382_length_7454_cov_6.20259 	4
NODE_6372_length_7458_cov_5.30893 	2
NODE_6367_length_7461_cov_13.2984 	6
NODE_6342_length_7475_cov_7.6841 	6
NODE_6311_length_7500_cov_4.03573 	1
NODE_6293_length_7509_cov_4.98041 	2
NODE_6290_length_7510_cov_4.3057 	1
NODE_6279_length_7516_cov_12.3981 	6
NODE_6257_length_7530_cov_4.46943 	4
NODE_6241_length_7537_cov_37.1929 	5
NODE_6222_length_7551_cov_5.87513 	3
NODE_6218_length_7555_cov_10.4536 	6
NODE_6215_length_7556_cov_4.55459 	3
NODE_6213_length_7557_cov_12.0539 	6
NODE_6181_length_7570_cov_16.1665 	3
NODE_6177_length_7572_cov_4.31143 	2
NODE_6174_length_7573_cov_7.72014 	3
NODE_6142_length_7584_cov_14.1744 	3
NODE_6140_length_7584_cov_5.06017 	6
NODE_6098_length_7608_cov_6.43162 	1
NODE_6084_length_7615_cov_4.93479 	2
NODE_6071_length_7623_cov_15.6867 	3
NODE_6059_length_7628_cov_5.87944 	0
NODE_6051_length_7634_cov_8.40071 	3
NODE_6025_length_7642_cov_4.51456 	2
NODE_6026_length_7642_cov_15.9873 	3
NODE_5966_length_7683_cov_5.56175 	3
NODE_5946_length_7692_cov_6.9162 	1
NODE_5898_length_7723_cov_4.60407 	2
NODE_5862_length_7753_cov_4.86347 	4
NODE_5849_length_7762_cov_35.5856 	5
NODE_5836_length_7766_cov_4.32875 	2
NODE_5835_length_7766_cov_4.74595 	2
NODE_5839_length_7766_cov_28.5842 	5
NODE_5813_length_7783_cov_16.7416 	3
NODE_5798_length_7796_cov_4.76657 	3
NODE_5795_length_7799_cov_17.6782 	3
NODE_5761_length_7816_cov_5.08607 	2
NODE_5755_length_7820_cov_5.09427 	3
NODE_5734_length_7831_cov_4.94303 	2
NODE_5722_length_7839_cov_12.3289 	3
NODE_5695_length_7855_cov_5.73385 	2
NODE_5686_length_7857_cov_4.59805 	2
NODE_5649_length_7877_cov_11.5368 	6
NODE_5630_length_7886_cov_6.60937 	1
NODE_5620_length_7891_cov_4.14229 	6
NODE_5600_length_7906_cov_4.31614 	3
NODE_5588_length_7915_cov_4.71349 	3
NODE_5582_length_7918_cov_19.874 	3
NODE_5580_length_7924_cov_18.3107 	3
NODE_5571_length_7929_cov_6.14656 	3
NODE_5554_length_7949_cov_31.6744 	5
NODE_5489_length_7997_cov_28.0038 	5
NODE_5484_length_8000_cov_12.5807 	6
NODE_5468_length_8014_cov_5.45722 	3
NODE_5444_length_8031_cov_4.06056 	2
NODE_5442_length_8034_cov_4.64482 	1
NODE_5407_length_8079_cov_12.3192 	6
NODE_5393_length_8089_cov_35.5759 	5
NODE_5377_length_8096_cov_3.46947 	1
NODE_5341_length_8127_cov_5.52701 	2
NODE_5339_length_8128_cov_4.75313 	1
NODE_5338_length_8129_cov_4.2944 	2
NODE_5332_length_8133_cov_3.86531 	3
NODE_5309_length_8149_cov_4.65048 	2
NODE_5304_length_8155_cov_33.0875 	5
NODE_5297_length_8162_cov_5.925 	0
NODE_5295_length_8163_cov_11.8218 	6
NODE_5272_length_8184_cov_4.68778 	3
NODE_5234_length_8215_cov_9.62059 	6
NODE_5224_length_8223_cov_10.4849 	6
NODE_5190_length_8254_cov_10.8749 	6
NODE_5189_length_8255_cov_11.2906 	6
NODE_5169_length_8270_cov_5.17005 	4
NODE_5166_length_8272_cov_4.58768 	2
NODE_5161_length_8281_cov_10.0838 	6
NODE_5127_length_8313_cov_16.8623 	3
NODE_5072_length_8360_cov_5.32511 	1
NODE_5071_length_8360_cov_5.02071 	3
NODE_5048_length_8379_cov_4.03316 	3
NODE_5044_length_8383_cov_4.62188 	2
NODE_5039_length_8387_cov_4.45223 	2
NODE_5016_length_8407_cov_4.36782 	2
NODE_4997_length_8420_cov_5.33772 	2
NODE_4986_length_8430_cov_12.4445 	3
NODE_4973_length_8440_cov_14.2594 	3
NODE_4931_length_8488_cov_7.843 	1
NODE_4896_length_8515_cov_5.19681 	1
NODE_4889_length_8522_cov_35.3955 	5
NODE_4870_length_8539_cov_5.60337 	4
NODE_4856_length_8552_cov_5.19713 	1
NODE_4817_length_8585_cov_14.2023 	3
NODE_4795_length_8609_cov_4.7379 	4
NODE_4793_length_8610_cov_30.0835 	5
NODE_4791_length_8611_cov_10.7004 	6
NODE_4778_length_8618_cov_9.5971 	6
NODE_4765_length_8631_cov_11.7189 	6
NODE_4761_length_8635_cov_10.7252 	6
NODE_4754_length_8643_cov_35.123 	5
NODE_4729_length_8662_cov_3.60056 	3
NODE_4698_length_8685_cov_5.40394 	2
NODE_4690_length_8695_cov_6.99456 	1
NODE_4689_length_8696_cov_15.5643 	3
NODE_4665_length_8714_cov_4.261 	2
NODE_4658_length_8717_cov_5.64338 	2
NODE_4644_length_8724_cov_4.46314 	4
NODE_4643_length_8724_cov_4.76237 	2
NODE_4637_length_8733_cov_11.6749 	6
NODE_4628_length_8740_cov_5.28486 	2
NODE_4617_length_8749_cov_5.82298 	0
NODE_4597_length_8767_cov_15.117 	3
NODE_4573_length_8781_cov_11.5277 	6
NODE_4571_length_8783_cov_11.8719 	6
NODE_4562_length_8790_cov_17.5208 	3
NODE_4527_length_8832_cov_5.04113 	2
NODE_4510_length_8851_cov_10.6398 	6
NODE_4501_length_8856_cov_20.4723 	3
NODE_4493_length_8866_cov_4.78084 	2
NODE_4489_length_8870_cov_4.32717 	2
NODE_4477_length_8881_cov_6.6073 	4
NODE_4455_length_8900_cov_5.40192 	4
NODE_4422_length_8936_cov_4.77142 	2
NODE_4420_length_8939_cov_4.54975 	2
NODE_4381_length_8990_cov_4.46223 	2
NODE_4376_length_8994_cov_11.8942 	3
NODE_4342_length_9031_cov_5.32865 	4
NODE_4335_length_9035_cov_28.9886 	5
NODE_4310_length_9053_cov_6.63292 	1
NODE_4306_length_9057_cov_5.0371 	4
NODE_4292_length_9074_cov_16.1526 	3
NODE_4287_length_9077_cov_4.19319 	2
NODE_4271_length_9096_cov_10.5303 	3
NODE_4253_length_9116_cov_4.82872 	4
NODE_4239_length_9130_cov_4.9546 	4
NODE_4226_length_9149_cov_11.827 	6
NODE_4218_length_9158_cov_13.15 	6
NODE_4211_length_9169_cov_19.0769 	3
NODE_4176_length_9220_cov_12.8561 	3
NODE_4147_length_9244_cov_4.08717 	3
NODE_4144_length_9251_cov_9.7363 	6
NODE_4142_length_9252_cov_5.147 	4
NODE_4135_length_9265_cov_11.1832 	6
NODE_4096_length_9302_cov_5.95296 	1
NODE_4076_length_9325_cov_12.0265 	3
NODE_4063_length_9342_cov_6.61462 	1
NODE_4026_length_9374_cov_16.1187 	3
NODE_4022_length_9378_cov_5.63048 	3
NODE_4014_length_9384_cov_6.04116 	1
NODE_4013_length_9385_cov_12.1539 	6
NODE_3994_length_9406_cov_4.20126 	0
NODE_3968_length_9431_cov_4.71896 	1
NODE_3905_length_9499_cov_15.988 	3
NODE_3900_length_9503_cov_11.2076 	6
NODE_3893_length_9511_cov_11.3615 	6
NODE_3883_length_9526_cov_10.7201 	6
NODE_3876_length_9534_cov_5.81496 	3
NODE_3874_length_9537_cov_10.7248 	3
NODE_3868_length_9541_cov_4.69186 	2
NODE_3858_length_9556_cov_32.7126 	5
NODE_3857_length_9557_cov_4.48769 	4
NODE_3855_length_9558_cov_16.6689 	0
NODE_3853_length_9562_cov_4.88209 	3
NODE_3802_length_9647_cov_11.832 	3
NODE_3704_length_9777_cov_16.2261 	6
NODE_3658_length_9824_cov_4.58471 	2
NODE_3649_length_9835_cov_5.85675 	6
NODE_3647_length_9836_cov_5.43942 	2
NODE_3609_length_9888_cov_12.0623 	3
NODE_3604_length_9900_cov_6.15521 	2
NODE_3584_length_9939_cov_18.1718 	3
NODE_3560_length_9964_cov_15.3995 	3
NODE_3540_length_9993_cov_31.8159 	5
NODE_3529_length_10003_cov_12.6282 	3
NODE_3522_length_10007_cov_13.9268 	3
NODE_3517_length_10016_cov_11.2329 	6
NODE_3495_length_10041_cov_7.49469 	1
NODE_3473_length_10070_cov_14.0911 	3
NODE_3468_length_10078_cov_5.10426 	2
NODE_3467_length_10079_cov_9.66291 	6
NODE_3432_length_10126_cov_11.6414 	6
NODE_3396_length_10198_cov_3.55092 	3
NODE_3393_length_10202_cov_5.06987 	1
NODE_3378_length_10228_cov_5.93493 	4
NODE_3369_length_10246_cov_4.37415 	2
NODE_3361_length_10258_cov_4.78712 	2
NODE_3358_length_10261_cov_11.8451 	3
NODE_3324_length_10310_cov_4.60273 	4
NODE_3307_length_10337_cov_5.84429 	4
NODE_3295_length_10353_cov_5.37483 	3
NODE_3290_length_10361_cov_5.52581 	2
NODE_3248_length_10420_cov_14.0854 	6
NODE_3242_length_10432_cov_6.30818 	2
NODE_3230_length_10449_cov_11.8935 	6
NODE_3216_length_10478_cov_4.46292 	2
NODE_3193_length_10512_cov_13.2986 	3
NODE_3175_length_10537_cov_6.18937 	1
NODE_3176_length_10537_cov_10.6254 	6
NODE_3166_length_10546_cov_11.1847 	6
NODE_3120_length_10625_cov_13.233 	3
NODE_3118_length_10626_cov_4.43222 	2
NODE_3111_length_10636_cov_14.6363 	3
NODE_3103_length_10658_cov_10.591 	6
NODE_3075_length_10694_cov_4.83532 	2
NODE_3041_length_10742_cov_11.0708 	6
NODE_3030_length_10764_cov_3.83042 	2
NODE_3027_length_10770_cov_9.24293 	6
NODE_3024_length_10782_cov_5.32442 	2
NODE_3022_length_10788_cov_12.2387 	3
NODE_3014_length_10796_cov_11.9061 	6
NODE_3007_length_10808_cov_4.89742 	2
NODE_2974_length_10855_cov_11.564 	6
NODE_2967_length_10863_cov_27.6527 	5
NODE_2951_length_10885_cov_14.3651 	3
NODE_2948_length_10891_cov_4.69121 	2
NODE_2940_length_10903_cov_12.9949 	6
NODE_2928_length_10918_cov_12.2926 	6
NODE_2915_length_10944_cov_13.7675 	6
NODE_2880_length_11008_cov_4.86396 	4
NODE_2879_length_11009_cov_5.34983 	2
NODE_2861_length_11041_cov_5.40142 	2
NODE_2824_length_11094_cov_11.3991 	6
NODE_2810_length_11123_cov_11.0265 	3
NODE_2807_length_11133_cov_12.0685 	6
NODE_2797_length_11144_cov_12.9563 	6
NODE_2791_length_11149_cov_15.5571 	3
NODE_2790_length_11149_cov_17.3361 	3
NODE_2782_length_11170_cov_31.5052 	5
NODE_2779_length_11173_cov_4.82956 	2
NODE_2772_length_11194_cov_7.89039 	1
NODE_2769_length_11198_cov_32.5792 	5
NODE_2754_length_11225_cov_4.64548 	2
NODE_2688_length_11367_cov_15.3206 	3
NODE_2687_length_11370_cov_12.849 	3
NODE_2663_length_11412_cov_12.8376 	6
NODE_2661_length_11417_cov_34.4264 	5
NODE_2645_length_11460_cov_5.29671 	1
NODE_2636_length_11483_cov_29.3605 	5
NODE_2625_length_11509_cov_4.45085 	2
NODE_2603_length_11564_cov_11.0418 	6
NODE_2586_length_11602_cov_5.41509 	1
NODE_2585_length_11605_cov_11.2555 	6
NODE_2581_length_11610_cov_11.0996 	3
NODE_2570_length_11653_cov_10.5077 	6
NODE_2568_length_11658_cov_13.977 	6
NODE_2561_length_11681_cov_11.5698 	6
NODE_2535_length_11732_cov_5.35908 	2
NODE_2519_length_11785_cov_4.389 	2
NODE_2506_length_11827_cov_12.7198 	3
NODE_2503_length_11835_cov_3.74482 	0
NODE_2502_length_11837_cov_33.9345 	5
NODE_2497_length_11853_cov_5.35599 	4
NODE_2488_length_11875_cov_12.6827 	3
NODE_2478_length_11891_cov_18.9992 	0
NODE_2466_length_11920_cov_5.37522 	4
NODE_2462_length_11930_cov_7.11882 	1
NODE_2434_length_11985_cov_3.97527 	3
NODE_2429_length_11994_cov_12.2282 	6
NODE_2424_length_12005_cov_11.0859 	6
NODE_2401_length_12046_cov_11.0163 	6
NODE_2375_length_12126_cov_11.3416 	6
NODE_2358_length_12157_cov_7.42125 	1
NODE_2335_length_12232_cov_31.956 	5
NODE_2329_length_12246_cov_5.26725 	1
NODE_2326_length_12259_cov_10.9132 	6
NODE_2321_length_12268_cov_32.1967 	5
NODE_2283_length_12337_cov_5.3278 	2
NODE_2282_length_12338_cov_6.99332 	1
NODE_2256_length_12399_cov_5.47424 	2
NODE_2247_length_12419_cov_32.6339 	5
NODE_2241_length_12439_cov_9.85845 	6
NODE_2234_length_12448_cov_5.56024 	4
NODE_2229_length_12461_cov_10.6468 	6
NODE_2209_length_12494_cov_3.88793 	2
NODE_2206_length_12500_cov_11.6173 	6
NODE_2198_length_12512_cov_13.0153 	6
NODE_2186_length_12538_cov_12.712 	6
NODE_2185_length_12545_cov_17.7817 	3
NODE_2171_length_12587_cov_4.58993 	2
NODE_2165_length_12605_cov_4.98518 	1
NODE_2148_length_12679_cov_4.62144 	4
NODE_2130_length_12724_cov_3.85903 	3
NODE_2118_length_12751_cov_10.7662 	6
NODE_2113_length_12771_cov_11.7837 	3
NODE_2104_length_12794_cov_34.8582 	5
NODE_2101_length_12808_cov_10.647 	6
NODE_2075_length_12885_cov_4.65464 	2
NODE_2030_length_13025_cov_4.29406 	2
NODE_1999_length_13110_cov_11.587 	6
NODE_1980_length_13197_cov_4.42436 	2
NODE_1969_length_13219_cov_5.7304 	6
NODE_1941_length_13281_cov_29.171 	5
NODE_1931_length_13319_cov_11.8504 	3
NODE_1906_length_13389_cov_4.69552 	1
NODE_1890_length_13434_cov_5.13633 	2
NODE_1874_length_13490_cov_4.69929 	2
NODE_1866_length_13523_cov_16.3856 	3
NODE_1858_length_13557_cov_20.6358 	3
NODE_1822_length_13649_cov_5.23488 	2
NODE_1820_length_13656_cov_41.3226 	5
NODE_1807_length_13689_cov_4.53829 	2
NODE_1794_length_13747_cov_11.3865 	3
NODE_1779_length_13823_cov_13.6654 	3
NODE_1770_length_13868_cov_5.374 	2
NODE_1763_length_13888_cov_14.8715 	3
NODE_1760_length_13908_cov_10.1133 	6
NODE_1758_length_13918_cov_12.7452 	3
NODE_1745_length_13962_cov_11.5761 	6
NODE_1740_length_13985_cov_28.6696 	5
NODE_1737_length_13989_cov_4.2725 	2
NODE_1736_length_13993_cov_5.14787 	4
NODE_1718_length_14064_cov_8.85631 	6
NODE_1696_length_14152_cov_10.6198 	6
NODE_1693_length_14166_cov_10.8652 	6
NODE_1675_length_14254_cov_15.8292 	3
NODE_1672_length_14275_cov_5.0493 	2
NODE_1641_length_14394_cov_5.29451 	2
NODE_1633_length_14414_cov_10.4841 	6
NODE_1615_length_14481_cov_5.41612 	4
NODE_1596_length_14558_cov_4.95732 	3
NODE_1595_length_14563_cov_5.30873 	2
NODE_1589_length_14574_cov_10.6266 	3
NODE_1583_length_14595_cov_12.561 	6
NODE_1568_length_14669_cov_4.86102 	2
NODE_1551_length_14750_cov_13.0942 	3
NODE_1543_length_14783_cov_37.2319 	5
NODE_1542_length_14785_cov_29.6119 	5
NODE_1537_length_14812_cov_12.7266 	6
NODE_1536_length_14817_cov_5.59335 	1
NODE_1524_length_14868_cov_31.3145 	5
NODE_1515_length_14900_cov_6.22721 	2
NODE_1463_length_15105_cov_5.05176 	2
NODE_1427_length_15221_cov_5.26599 	2
NODE_1418_length_15269_cov_10.9614 	6
NODE_1415_length_15276_cov_4.44879 	2
NODE_1414_length_15286_cov_11.8219 	6
NODE_1395_length_15370_cov_4.5554 	2
NODE_1394_length_15377_cov_5.97089 	2
NODE_1389_length_15392_cov_13.3612 	3
NODE_1385_length_15401_cov_17.8996 	3
NODE_1381_length_15406_cov_33.3222 	5
NODE_1372_length_15442_cov_12.9284 	6
NODE_1369_length_15458_cov_13.0456 	6
NODE_1366_length_15464_cov_30.2935 	5
NODE_1340_length_15560_cov_15.1027 	3
NODE_1294_length_15793_cov_11.2981 	6
NODE_1275_length_15906_cov_11.4593 	6
NODE_1192_length_16346_cov_12.4561 	3
NODE_1168_length_16486_cov_9.59589 	6
NODE_1145_length_16582_cov_11.4061 	6
NODE_1132_length_16679_cov_34.0401 	5
NODE_1129_length_16716_cov_11.4974 	3
NODE_1111_length_16816_cov_32.5902 	5
NODE_1108_length_16831_cov_29.1623 	5
NODE_1098_length_16895_cov_5.49228 	1
NODE_1093_length_16909_cov_4.4628 	2
NODE_1082_length_17002_cov_5.74467 	2
NODE_1070_length_17054_cov_4.40238 	2
NODE_1055_length_17139_cov_4.88012 	2
NODE_1033_length_17253_cov_10.507 	6
NODE_1018_length_17354_cov_13.0854 	6
NODE_1002_length_17451_cov_14.5103 	0
NODE_988_length_17519_cov_11.9254 	3
NODE_983_length_17583_cov_11.9481 	6
NODE_967_length_17680_cov_6.39813 	1
NODE_943_length_17860_cov_5.07211 	2
NODE_941_length_17882_cov_10.9952 	6
NODE_872_length_18435_cov_32.5106 	5
NODE_851_length_18554_cov_11.34 	6
NODE_846_length_18603_cov_28.5862 	5
NODE_840_length_18655_cov_12.6696 	3
NODE_831_length_18757_cov_21.0849 	5
NODE_830_length_18772_cov_11.0029 	6
NODE_822_length_18837_cov_10.5704 	6
NODE_811_length_18923_cov_13.0019 	6
NODE_777_length_19277_cov_13.7481 	3
NODE_757_length_19527_cov_11.1649 	6
NODE_753_length_19584_cov_37.3024 	5
NODE_752_length_19594_cov_11.8345 	6
NODE_734_length_19804_cov_6.04537 	1
NODE_729_length_19924_cov_34.242 	5
NODE_724_length_20016_cov_35.96 	5
NODE_679_length_20592_cov_13.7697 	6
NODE_660_length_20710_cov_14.159 	3
NODE_638_length_20995_cov_18.2531 	3
NODE_627_length_21140_cov_35.2463 	5
NODE_593_length_21495_cov_5.7577 	1
NODE_584_length_21740_cov_11.6534 	6
NODE_572_length_21919_cov_30.3089 	5
NODE_561_length_22069_cov_30.8706 	5
NODE_535_length_22695_cov_12.9384 	6
NODE_523_length_22885_cov_10.5276 	6
NODE_519_length_22979_cov_26.064 	6
NODE_493_length_23668_cov_13.2668 	6
NODE_482_length_23804_cov_5.17866 	2
NODE_475_length_23946_cov_34.4738 	5
NODE_474_length_23948_cov_31.9717 	5
NODE_419_length_25076_cov_29.3929 	5
NODE_417_length_25105_cov_11.2003 	6
NODE_392_length_25668_cov_34.0231 	5
NODE_390_length_25719_cov_30.667 	5
NODE_378_length_26102_cov_29.6523 	5
NODE_353_length_26717_cov_29.6736 	5
NODE_352_length_26723_cov_13.0619 	0
NODE_350_length_26735_cov_12.0093 	6
NODE_339_length_27093_cov_12.0456 	6
NODE_330_length_27323_cov_10.8184 	6
NODE_322_length_27491_cov_11.0976 	6
NODE_317_length_27638_cov_27.4732 	5
NODE_274_length_29370_cov_29.827 	5
NODE_267_length_29605_cov_31.1448 	5
NODE_264_length_29822_cov_27.9587 	5
NODE_234_length_31050_cov_27.9559 	5
NODE_213_length_32359_cov_12.3324 	6
NODE_183_length_34124_cov_28.647 	5
NODE_169_length_35498_cov_31.2075 	5
NODE_148_length_37457_cov_10.429 	6
NODE_133_length_39415_cov_46.2762 	5
NODE_86_length_46221_cov_33.4315 	5
NODE_47_length_56327_cov_29.4117 	5
NODE_37_length_57827_cov_29.7497 	5
NODE_20_length_65769_cov_30.7555 	5
NODE_9_length_84917_cov_28.9365 	5
NODE_6_length_87234_cov_23.2941 	5
